id,clave_entidad,nombre_entidad,clave_municipio,nombre_municipio,poblacion_total
1,1,AGUASCALIENTES,1,AGUASCALIENTES,948990
2,1,AGUASCALIENTES,2,ASIENTOS,51536
3,1,AGUASCALIENTES,3,CALVILLO,58250
4,1,AGUASCALIENTES,4,COSIO,17000
5,1,AGUASCALIENTES,5,JESUS MARIA,129929
6,1,AGUASCALIENTES,6,PABELLON DE ARTEAGA,47646
7,1,AGUASCALIENTES,7,RINCON DE ROMOS,57369
8,1,AGUASCALIENTES,8,SAN JOSE DE GRACIA,9552
9,1,AGUASCALIENTES,9,TEPEZALA,22485
10,1,AGUASCALIENTES,10,EL LLANO,20853
11,1,AGUASCALIENTES,11,SAN FRANCISCO DE LOS ROMO,61997
12,2,BAJA CALIFORNIA,1,ENSENADA,443807
13,2,BAJA CALIFORNIA,2,MEXICALI,1049792
14,2,BAJA CALIFORNIA,3,TECATE,108440
15,2,BAJA CALIFORNIA,4,TIJUANA,1922523
16,2,BAJA CALIFORNIA,5,PLAYAS DE ROSARITO,126890
17,2,BAJA CALIFORNIA,6,SAN QUINTIN,117568
18,3,BAJA CALIFORNIA SUR,1,COMONDU,73021
19,3,BAJA CALIFORNIA SUR,2,MULEGE,64022
20,3,BAJA CALIFORNIA SUR,3,LA PAZ,292241
21,3,BAJA CALIFORNIA SUR,8,LOS CABOS,351111
22,3,BAJA CALIFORNIA SUR,9,LORETO,18052
23,4,CAMPECHE,1,CALKINI,59232
24,4,CAMPECHE,2,CAMPECHE,294077
25,4,CAMPECHE,3,CARMEN,248845
26,4,CAMPECHE,4,CHAMPOTON,78170
27,4,CAMPECHE,5,HECELCHAKAN,31917
28,4,CAMPECHE,6,HOPELCHEN,42140
29,4,CAMPECHE,7,PALIZADA,8683
30,4,CAMPECHE,8,TENABO,11452
31,4,CAMPECHE,9,ESCARCEGA,59923
32,4,CAMPECHE,10,CALAKMUL,31714
33,4,CAMPECHE,11,CANDELARIA,46913
34,4,CAMPECHE,12,SEYBAPLAYA,15297
35,4,CAMPECHE,13,DZITBALCHE,0
36,5,COAHUILA DE ZARAGOZA,1,ABASOLO,1022
37,5,COAHUILA DE ZARAGOZA,2,ACUÑA,163058
38,5,COAHUILA DE ZARAGOZA,3,ALLENDE,23056
39,5,COAHUILA DE ZARAGOZA,4,ARTEAGA,29578
40,5,COAHUILA DE ZARAGOZA,5,CANDELA,1643
41,5,COAHUILA DE ZARAGOZA,6,CASTAÑOS,29128
42,5,COAHUILA DE ZARAGOZA,7,CUATRO CIENEGAS,12715
43,5,COAHUILA DE ZARAGOZA,8,ESCOBEDO,3047
44,5,COAHUILA DE ZARAGOZA,9,FRANCISCO I. MADERO,59035
45,5,COAHUILA DE ZARAGOZA,10,FRONTERA,82409
46,5,COAHUILA DE ZARAGOZA,11,GENERAL CEPEDA,11898
47,5,COAHUILA DE ZARAGOZA,12,GUERRERO,1643
48,5,COAHUILA DE ZARAGOZA,13,HIDALGO,1735
49,5,COAHUILA DE ZARAGOZA,14,JIMENEZ,9502
50,5,COAHUILA DE ZARAGOZA,15,JUAREZ,1584
51,5,COAHUILA DE ZARAGOZA,16,LAMADRID,1764
52,5,COAHUILA DE ZARAGOZA,17,MATAMOROS,118337
53,5,COAHUILA DE ZARAGOZA,18,MONCLOVA,237951
54,5,COAHUILA DE ZARAGOZA,19,MORELOS,7928
55,5,COAHUILA DE ZARAGOZA,20,MUZQUIZ,71627
56,5,COAHUILA DE ZARAGOZA,21,NADADORES,6539
57,5,COAHUILA DE ZARAGOZA,22,NAVA,33129
58,5,COAHUILA DE ZARAGOZA,23,OCAMPO,9642
59,5,COAHUILA DE ZARAGOZA,24,PARRAS,44472
60,5,COAHUILA DE ZARAGOZA,25,PIEDRAS NEGRAS,176327
61,5,COAHUILA DE ZARAGOZA,26,PROGRESO,3239
62,5,COAHUILA DE ZARAGOZA,27,RAMOS ARIZPE,122243
63,5,COAHUILA DE ZARAGOZA,28,SABINAS,64811
64,5,COAHUILA DE ZARAGOZA,29,SACRAMENTO,2471
65,5,COAHUILA DE ZARAGOZA,30,SALTILLO,879958
66,5,COAHUILA DE ZARAGOZA,31,SAN BUENAVENTURA,24759
67,5,COAHUILA DE ZARAGOZA,32,SAN JUAN DE SABINAS,42260
68,5,COAHUILA DE ZARAGOZA,33,SAN PEDRO,101041
69,5,COAHUILA DE ZARAGOZA,34,SIERRA MOJADA,6744
70,5,COAHUILA DE ZARAGOZA,35,TORREON,720848
71,5,COAHUILA DE ZARAGOZA,36,VIESCA,20305
72,5,COAHUILA DE ZARAGOZA,37,VILLA UNION,6188
73,5,COAHUILA DE ZARAGOZA,38,ZARAGOZA,13135
74,6,COLIMA,1,ARMERIA,27626
75,6,COLIMA,2,COLIMA,157048
76,6,COLIMA,3,COMALA,21661
77,6,COLIMA,4,COQUIMATLAN,20837
78,6,COLIMA,5,CUAUHTEMOC,31267
79,6,COLIMA,6,IXTLAHUACAN,5623
80,6,COLIMA,7,MANZANILLO,191031
81,6,COLIMA,8,MINATITLAN,10231
82,6,COLIMA,9,TECOMAN,116305
83,6,COLIMA,10,VILLA DE ALVAREZ,149762
84,7,CHIAPAS,1,ACACOYAGUA,17994
85,7,CHIAPAS,2,ACALA,21187
86,7,CHIAPAS,3,ACAPETAHUA,26899
87,7,CHIAPAS,4,ALTAMIRANO,36160
88,7,CHIAPAS,5,AMATAN,24512
89,7,CHIAPAS,6,AMATENANGO DE LA FRONTERA,31735
90,7,CHIAPAS,7,AMATENANGO DEL VALLE,11283
91,7,CHIAPAS,8,ANGEL ALBINO CORZO,31947
92,7,CHIAPAS,9,ARRIAGA,41135
93,7,CHIAPAS,10,BEJUCAL DE OCAMPO,7365
94,7,CHIAPAS,11,BELLA VISTA,20157
95,7,CHIAPAS,12,BERRIOZABAL,64632
96,7,CHIAPAS,13,BOCHIL,37263
97,7,CHIAPAS,14,EL BOSQUE,24273
98,7,CHIAPAS,15,CACAHOATAN,50112
99,7,CHIAPAS,16,CATAZAJA,17619
100,7,CHIAPAS,17,CINTALAPA,88106
101,7,CHIAPAS,18,COAPILLA,9900
102,7,CHIAPAS,19,COMITAN DE DOMINGUEZ,166178
103,7,CHIAPAS,20,LA CONCORDIA,49920
104,7,CHIAPAS,21,COPAINALA,22192
105,7,CHIAPAS,22,CHALCHIHUITAN,21915
106,7,CHIAPAS,23,CHAMULA,101967
107,7,CHIAPAS,24,CHANAL,13678
108,7,CHIAPAS,25,CHAPULTENANGO,7472
109,7,CHIAPAS,26,CHENALHO,47371
110,7,CHIAPAS,27,CHIAPA DE CORZO,112075
111,7,CHIAPAS,28,CHIAPILLA,6156
112,7,CHIAPAS,29,CHICOASEN,5402
113,7,CHIAPAS,30,CHICOMUSELO,36785
114,7,CHIAPAS,31,CHILON,137262
115,7,CHIAPAS,32,ESCUINTLA,30896
116,7,CHIAPAS,33,FRANCISCO LEON,7245
117,7,CHIAPAS,34,FRONTERA COMALAPA,80897
118,7,CHIAPAS,35,FRONTERA HIDALGO,14556
119,7,CHIAPAS,36,LA GRANDEZA,7701
120,7,CHIAPAS,37,HUEHUETAN,36333
121,7,CHIAPAS,38,HUIXTAN,22975
122,7,CHIAPAS,39,HUITIUPAN,27893
123,7,CHIAPAS,40,HUIXTLA,53242
124,7,CHIAPAS,41,LA INDEPENDENCIA,46409
125,7,CHIAPAS,42,IXHUATAN,11377
126,7,CHIAPAS,43,IXTACOMITAN,10961
127,7,CHIAPAS,44,IXTAPA,28999
128,7,CHIAPAS,45,IXTAPANGAJOYA,6284
129,7,CHIAPAS,46,JIQUIPILAS,41063
130,7,CHIAPAS,47,JITOTOL,24966
131,7,CHIAPAS,48,JUAREZ,21807
132,7,CHIAPAS,49,LARRAINZAR,31259
133,7,CHIAPAS,50,LA LIBERTAD,5232
134,7,CHIAPAS,51,MAPASTEPEC,46130
135,7,CHIAPAS,52,LAS MARGARITAS,141027
136,7,CHIAPAS,53,MAZAPA DE MADERO,7901
137,7,CHIAPAS,54,MAZATAN,28250
138,7,CHIAPAS,55,METAPA,5876
139,7,CHIAPAS,56,MITONTIC,13755
140,7,CHIAPAS,57,MOTOZINTLA,76398
141,7,CHIAPAS,58,NICOLAS RUIZ,4765
142,7,CHIAPAS,59,OCOSINGO,234661
143,7,CHIAPAS,60,OCOTEPEC,14088
144,7,CHIAPAS,61,OCOZOCOAUTLA DE ESPINOSA,97397
145,7,CHIAPAS,62,OSTUACAN,18469
146,7,CHIAPAS,63,OSUMACINTA,3983
147,7,CHIAPAS,64,OXCHUC,54932
148,7,CHIAPAS,65,PALENQUE,132265
149,7,CHIAPAS,66,PANTELHO,26391
150,7,CHIAPAS,67,PANTEPEC,12266
151,7,CHIAPAS,68,PICHUCALCO,31919
152,7,CHIAPAS,69,PIJIJIAPAN,51193
153,7,CHIAPAS,70,EL PORVENIR,12263
154,7,CHIAPAS,71,VILLA COMALTITLAN,30297
155,7,CHIAPAS,72,PUEBLO NUEVO SOLISTAHUACAN,29636
156,7,CHIAPAS,73,RAYON,10866
157,7,CHIAPAS,74,REFORMA,44829
158,7,CHIAPAS,75,LAS ROSAS,28829
159,7,CHIAPAS,76,SABANILLA,29889
160,7,CHIAPAS,77,SALTO DE AGUA,64251
161,7,CHIAPAS,78,SAN CRISTOBAL DE LAS CASAS,215874
162,7,CHIAPAS,79,SAN FERNANDO,41793
163,7,CHIAPAS,80,SILTEPEC,25937
164,7,CHIAPAS,81,SIMOJOVEL,52935
165,7,CHIAPAS,82,SITALA,15518
166,7,CHIAPAS,83,SOCOLTENANGO,19092
167,7,CHIAPAS,84,SOLOSUCHIAPA,8561
168,7,CHIAPAS,85,SOYALO,10890
169,7,CHIAPAS,86,SUCHIAPA,25627
170,7,CHIAPAS,87,SUCHIATE,41672
171,7,CHIAPAS,88,SUNUAPA,2308
172,7,CHIAPAS,89,TAPACHULA,353706
173,7,CHIAPAS,90,TAPALAPA,4547
174,7,CHIAPAS,91,TAPILULA,13592
175,7,CHIAPAS,92,TECPATAN,21426
176,7,CHIAPAS,93,TENEJAPA,48162
177,7,CHIAPAS,94,TEOPISCA,49499
178,7,CHIAPAS,96,TILA,83505
179,7,CHIAPAS,97,TONALA,91913
180,7,CHIAPAS,98,TOTOLAPA,7211
181,7,CHIAPAS,99,LA TRINITARIA,83111
182,7,CHIAPAS,100,TUMBALA,38025
183,7,CHIAPAS,101,TUXTLA GUTIERREZ,604147
184,7,CHIAPAS,102,TUXTLA CHICO,41024
185,7,CHIAPAS,103,TUZANTAN,30302
186,7,CHIAPAS,104,TZIMOL,16560
187,7,CHIAPAS,105,UNION JUAREZ,16008
188,7,CHIAPAS,106,VENUSTIANO CARRANZA,67292
189,7,CHIAPAS,107,VILLA CORZO,65643
190,7,CHIAPAS,108,VILLAFLORES,109536
191,7,CHIAPAS,109,YAJALON,40285
192,7,CHIAPAS,110,SAN LUCAS,7526
193,7,CHIAPAS,111,ZINACANTAN,45373
194,7,CHIAPAS,112,SAN JUAN CANCUC,37948
195,7,CHIAPAS,113,ALDAMA,8480
196,7,CHIAPAS,114,BENEMERITO DE LAS AMERICAS,23603
197,7,CHIAPAS,115,MARAVILLA TENEJAPA,14714
198,7,CHIAPAS,116,MARQUES DE COMILLAS,12892
199,7,CHIAPAS,117,MONTECRISTO DE GUERRERO,8412
200,7,CHIAPAS,118,SAN ANDRES DURAZNAL,6047
201,7,CHIAPAS,119,SANTIAGO EL PINAR,4959
202,7,CHIAPAS,120,CAPITAN LUIS ANGEL VIDAL,4315
203,7,CHIAPAS,121,RINCON CHAMULA SAN PEDRO,8718
204,7,CHIAPAS,122,EL PARRAL,15587
205,7,CHIAPAS,123,EMILIANO ZAPATA,10783
206,7,CHIAPAS,124,MEZCALAPA,23847
207,7,CHIAPAS,125,HONDURAS DE LA SIERRA,11650
208,8,CHIHUAHUA,1,AHUMADA,14635
209,8,CHIHUAHUA,2,ALDAMA,26047
210,8,CHIHUAHUA,3,ALLENDE,8487
211,8,CHIHUAHUA,4,AQUILES SERDAN,24344
212,8,CHIHUAHUA,5,ASCENSION,26093
213,8,CHIHUAHUA,6,BACHINIVA,5807
214,8,CHIHUAHUA,7,BALLEZA,16440
215,8,CHIHUAHUA,8,BATOPILAS DE MANUEL GOMEZ MORIN,11270
216,8,CHIHUAHUA,9,BOCOYNA,23351
217,8,CHIHUAHUA,10,BUENAVENTURA,25146
218,8,CHIHUAHUA,11,CAMARGO,49499
219,8,CHIHUAHUA,12,CARICHI,8113
220,8,CHIHUAHUA,13,CASAS GRANDES,11815
221,8,CHIHUAHUA,14,CORONADO,2034
222,8,CHIHUAHUA,15,COYAME DEL SOTOL,1230
223,8,CHIHUAHUA,16,LA CRUZ,3704
224,8,CHIHUAHUA,17,CUAUHTEMOC,180638
225,8,CHIHUAHUA,18,CUSIHUIRIACHI,5099
226,8,CHIHUAHUA,19,CHIHUAHUA,937674
227,8,CHIHUAHUA,20,CHINIPAS,6222
228,8,CHIHUAHUA,21,DELICIAS,150506
229,8,CHIHUAHUA,22,DR. BELISARIO DOMINGUEZ,2456
230,8,CHIHUAHUA,23,GALEANA,6656
231,8,CHIHUAHUA,24,SANTA ISABEL,3791
232,8,CHIHUAHUA,25,GOMEZ FARIAS,7023
233,8,CHIHUAHUA,26,GRAN MORELOS,2448
234,8,CHIHUAHUA,27,GUACHOCHI,50180
235,8,CHIHUAHUA,28,GUADALUPE,4237
236,8,CHIHUAHUA,29,GUADALUPE Y CALVO,50514
237,8,CHIHUAHUA,30,GUAZAPARES,8196
238,8,CHIHUAHUA,31,GUERRERO,35473
239,8,CHIHUAHUA,32,HIDALGO DEL PARRAL,116662
240,8,CHIHUAHUA,33,HUEJOTITAN,824
241,8,CHIHUAHUA,34,IGNACIO ZARAGOZA,5196
242,8,CHIHUAHUA,35,JANOS,11005
243,8,CHIHUAHUA,36,JIMENEZ,40859
244,8,CHIHUAHUA,37,JUAREZ,1512450
245,8,CHIHUAHUA,38,JULIMES,4980
246,8,CHIHUAHUA,39,LOPEZ,4122
247,8,CHIHUAHUA,40,MADERA,25144
248,8,CHIHUAHUA,41,MAGUARICHI,1302
249,8,CHIHUAHUA,42,MANUEL BENAVIDES,1178
250,8,CHIHUAHUA,43,MATACHI,2742
251,8,CHIHUAHUA,44,MATAMOROS,4314
252,8,CHIHUAHUA,45,MEOQUI,44853
253,8,CHIHUAHUA,46,MORELOS,7266
254,8,CHIHUAHUA,47,MORIS,4447
255,8,CHIHUAHUA,48,NAMIQUIPA,22712
256,8,CHIHUAHUA,49,NONOAVA,2757
257,8,CHIHUAHUA,50,NUEVO CASAS GRANDES,65753
258,8,CHIHUAHUA,51,OCAMPO,8127
259,8,CHIHUAHUA,52,OJINAGA,24534
260,8,CHIHUAHUA,53,PRAXEDIS G. GUERRERO,5111
261,8,CHIHUAHUA,54,RIVA PALACIO,7695
262,8,CHIHUAHUA,55,ROSALES,16776
263,8,CHIHUAHUA,56,ROSARIO,2079
264,8,CHIHUAHUA,57,SAN FRANCISCO DE BORJA,2197
265,8,CHIHUAHUA,58,SAN FRANCISCO DE CONCHOS,2696
266,8,CHIHUAHUA,59,SAN FRANCISCO DEL ORO,5004
267,8,CHIHUAHUA,60,SANTA BARBARA,11582
268,8,CHIHUAHUA,61,SATEVO,3414
269,8,CHIHUAHUA,62,SAUCILLO,29862
270,8,CHIHUAHUA,63,TEMOSACHIC,5320
271,8,CHIHUAHUA,64,EL TULE,1448
272,8,CHIHUAHUA,65,URIQUE,17043
273,8,CHIHUAHUA,66,URUACHI,6512
274,8,CHIHUAHUA,67,VALLE DE ZARAGOZA,4775
275,9,CIUDAD DE MEXICO,2,AZCAPOTZALCO,432205
276,9,CIUDAD DE MEXICO,3,COYOACAN,614447
277,9,CIUDAD DE MEXICO,4,CUAJIMALPA DE MORELOS,217686
278,9,CIUDAD DE MEXICO,5,GUSTAVO A. MADERO,1173351
279,9,CIUDAD DE MEXICO,6,IZTACALCO,404695
280,9,CIUDAD DE MEXICO,7,IZTAPALAPA,1835486
281,9,CIUDAD DE MEXICO,8,LA MAGDALENA CONTRERAS,247622
282,9,CIUDAD DE MEXICO,9,MILPA ALTA,152685
283,9,CIUDAD DE MEXICO,10,ALVARO OBREGON,759137
284,9,CIUDAD DE MEXICO,11,TLAHUAC,392313
285,9,CIUDAD DE MEXICO,12,TLALPAN,699928
286,9,CIUDAD DE MEXICO,13,XOCHIMILCO,442178
287,9,CIUDAD DE MEXICO,14,BENITO JUAREZ,434153
288,9,CIUDAD DE MEXICO,15,CUAUHTEMOC,545884
289,9,CIUDAD DE MEXICO,16,MIGUEL HIDALGO,414470
290,9,CIUDAD DE MEXICO,17,VENUSTIANO CARRANZA,443704
291,10,DURANGO,1,CANATLAN,31454
292,10,DURANGO,2,CANELAS,4321
293,10,DURANGO,3,CONETO DE COMONFORT,4084
294,10,DURANGO,4,CUENCAME,34955
295,10,DURANGO,5,DURANGO,688697
296,10,DURANGO,6,GENERAL SIMON BOLIVAR,10038
297,10,DURANGO,7,GOMEZ PALACIO,372750
298,10,DURANGO,8,GUADALUPE VICTORIA,36695
299,10,DURANGO,9,GUANACEVI,9869
300,10,DURANGO,10,HIDALGO,3843
301,10,DURANGO,11,INDE,4748
302,10,DURANGO,12,LERDO,163313
303,10,DURANGO,13,MAPIMI,26932
304,10,DURANGO,14,MEZQUITAL,48583
305,10,DURANGO,15,NAZAS,12894
306,10,DURANGO,16,NOMBRE DE DIOS,19060
307,10,DURANGO,17,OCAMPO,8003
308,10,DURANGO,18,EL ORO,10384
309,10,DURANGO,19,OTAEZ,4924
310,10,DURANGO,20,PANUCO DE CORONADO,12656
311,10,DURANGO,21,PEÑON BLANCO,11118
312,10,DURANGO,22,POANAS,25623
313,10,DURANGO,23,PUEBLO NUEVO,51269
314,10,DURANGO,24,RODEO,12818
315,10,DURANGO,25,SAN BERNARDO,2837
316,10,DURANGO,26,SAN DIMAS,17333
317,10,DURANGO,27,SAN JUAN DE GUADALUPE,5251
318,10,DURANGO,28,SAN JUAN DEL RIO,12013
319,10,DURANGO,29,SAN LUIS DEL CORDERO,2103
320,10,DURANGO,30,SAN PEDRO DEL GALLO,1633
321,10,DURANGO,31,SANTA CLARA,6727
322,10,DURANGO,32,SANTIAGO PAPASQUIARO,49207
323,10,DURANGO,33,SUCHIL,6917
324,10,DURANGO,34,TAMAZULA,26300
325,10,DURANGO,35,TEPEHUANES,11378
326,10,DURANGO,36,TLAHUALILO,21143
327,10,DURANGO,37,TOPIA,9320
328,10,DURANGO,38,VICENTE GUERRERO,23476
329,10,DURANGO,39,NUEVO IDEAL,27981
330,11,GUANAJUATO,1,ABASOLO,92040
331,11,GUANAJUATO,2,ACAMBARO,108697
332,11,GUANAJUATO,3,SAN MIGUEL DE ALLENDE,174615
333,11,GUANAJUATO,4,APASEO EL ALTO,63392
334,11,GUANAJUATO,5,APASEO EL GRANDE,117883
335,11,GUANAJUATO,6,ATARJEA,5296
336,11,GUANAJUATO,7,CELAYA,521169
337,11,GUANAJUATO,8,MANUEL DOBLADO,41240
338,11,GUANAJUATO,9,COMONFORT,82216
339,11,GUANAJUATO,10,CORONEO,11083
340,11,GUANAJUATO,11,CORTAZAR,97928
341,11,GUANAJUATO,12,CUERAMARO,30857
342,11,GUANAJUATO,13,DOCTOR MORA,27390
343,11,GUANAJUATO,14,DOLORES HIDALGO CUNA DE LA INDEPENDENCIA NACIONAL,163038
344,11,GUANAJUATO,15,GUANAJUATO,194500
345,11,GUANAJUATO,16,HUANIMARO,21128
346,11,GUANAJUATO,17,IRAPUATO,592953
347,11,GUANAJUATO,18,JARAL DEL PROGRESO,38782
348,11,GUANAJUATO,19,JERECUARO,49517
349,11,GUANAJUATO,20,LEON,1721215
350,11,GUANAJUATO,21,MOROLEON,47261
351,11,GUANAJUATO,22,OCAMPO,26383
352,11,GUANAJUATO,23,PENJAMO,154960
353,11,GUANAJUATO,24,PUEBLO NUEVO,12403
354,11,GUANAJUATO,25,PURISIMA DEL RINCON,83842
355,11,GUANAJUATO,26,ROMITA,65766
356,11,GUANAJUATO,27,SALAMANCA,273417
357,11,GUANAJUATO,28,SALVATIERRA,94126
358,11,GUANAJUATO,29,SAN DIEGO DE LA UNION,41054
359,11,GUANAJUATO,30,SAN FELIPE,119793
360,11,GUANAJUATO,31,SAN FRANCISCO DEL RINCON,130871
361,11,GUANAJUATO,32,SAN JOSE ITURBIDE,89558
362,11,GUANAJUATO,33,SAN LUIS DE LA PAZ,128536
363,11,GUANAJUATO,34,SANTA CATARINA,5723
364,11,GUANAJUATO,35,SANTA CRUZ DE JUVENTINO ROSAS,82340
365,11,GUANAJUATO,36,SANTIAGO MARAVATIO,6714
366,11,GUANAJUATO,37,SILAO DE LA VICTORIA,203556
367,11,GUANAJUATO,38,TARANDACUAO,11304
368,11,GUANAJUATO,39,TARIMORO,35905
369,11,GUANAJUATO,40,TIERRA BLANCA,20007
370,11,GUANAJUATO,41,URIANGATO,61494
371,11,GUANAJUATO,42,VALLE DE SANTIAGO,150054
372,11,GUANAJUATO,43,VICTORIA,21253
373,11,GUANAJUATO,44,VILLAGRAN,65791
374,11,GUANAJUATO,45,XICHU,11143
375,11,GUANAJUATO,46,YURIRIA,68741
376,12,GUERRERO,1,ACAPULCO DE JUAREZ,779566
377,12,GUERRERO,2,AHUACUOTZINGO,25205
378,12,GUERRERO,3,AJUCHITLAN DEL PROGRESO,37655
379,12,GUERRERO,4,ALCOZAUCA DE GUERRERO,21225
380,12,GUERRERO,5,ALPOYECA,7813
381,12,GUERRERO,6,APAXTLA,11112
382,12,GUERRERO,7,ARCELIA,33267
383,12,GUERRERO,8,ATENANGO DEL RIO,9147
384,12,GUERRERO,9,ATLAMAJALCINGO DEL MONTE,5811
385,12,GUERRERO,10,ATLIXTAC,28491
386,12,GUERRERO,11,ATOYAC DE ALVAREZ,60680
387,12,GUERRERO,12,AYUTLA DE LOS LIBRES,69123
388,12,GUERRERO,13,AZOYU,15099
389,12,GUERRERO,14,BENITO JUAREZ,15442
390,12,GUERRERO,15,BUENAVISTA DE CUELLAR,12982
391,12,GUERRERO,16,COAHUAYUTLA DE JOSE MARIA IZAZAGA,12408
392,12,GUERRERO,17,COCULA,15579
393,12,GUERRERO,18,COPALA,14463
394,12,GUERRERO,19,COPALILLO,15598
395,12,GUERRERO,20,COPANATOYAC,21648
396,12,GUERRERO,21,COYUCA DE BENITEZ,73056
397,12,GUERRERO,22,COYUCA DE CATALAN,38554
398,12,GUERRERO,23,CUAJINICUILAPA,26627
399,12,GUERRERO,24,CUALAC,7874
400,12,GUERRERO,25,CUAUTEPEC,17024
401,12,GUERRERO,26,CUETZALA DEL PROGRESO,8272
402,12,GUERRERO,27,CUTZAMALA DE PINZON,20537
403,12,GUERRERO,28,CHILAPA DE ALVAREZ,123722
404,12,GUERRERO,29,CHILPANCINGO DE LOS BRAVO,283354
405,12,GUERRERO,30,FLORENCIO VILLARREAL,22250
406,12,GUERRERO,31,GENERAL CANUTO A. NERI,6278
407,12,GUERRERO,32,GENERAL HELIODORO CASTILLO,37254
408,12,GUERRERO,33,HUAMUXTITLAN,17488
409,12,GUERRERO,34,HUITZUCO DE LOS FIGUEROA,36593
410,12,GUERRERO,35,IGUALA DE LA INDEPENDENCIA,154173
411,12,GUERRERO,36,IGUALAPA,11739
412,12,GUERRERO,37,IXCATEOPAN DE CUAUHTEMOC,6138
413,12,GUERRERO,38,ZIHUATANEJO DE AZUETA,126001
414,12,GUERRERO,39,JUAN R. ESCUDERO,26093
415,12,GUERRERO,40,LEONARDO BRAVO,26357
416,12,GUERRERO,41,MALINALTEPEC,29625
417,12,GUERRERO,42,MARTIR DE CUILAPAN,18613
418,12,GUERRERO,43,METLATONOC,18859
419,12,GUERRERO,44,MOCHITLAN,12402
420,12,GUERRERO,45,OLINALA,28446
421,12,GUERRERO,46,OMETEPEC,68207
422,12,GUERRERO,47,PEDRO ASCENCIO ALQUISIRAS,7076
423,12,GUERRERO,48,PETATLAN,44583
424,12,GUERRERO,49,PILCAYA,12753
425,12,GUERRERO,50,PUNGARABATO,38482
426,12,GUERRERO,51,QUECHULTENANGO,36143
427,12,GUERRERO,52,SAN LUIS ACATLAN,46270
428,12,GUERRERO,53,SAN MARCOS,50124
429,12,GUERRERO,54,SAN MIGUEL TOTOLAPAN,24139
430,12,GUERRERO,55,TAXCO DE ALARCON,105586
431,12,GUERRERO,56,TECOANAPA,46063
432,12,GUERRERO,57,TECPAN DE GALEANA,65237
433,12,GUERRERO,58,TELOLOAPAN,53817
434,12,GUERRERO,59,TEPECOACUILCO DE TRUJANO,30806
435,12,GUERRERO,60,TETIPAC,13552
436,12,GUERRERO,61,TIXTLA DE GUERRERO,43171
437,12,GUERRERO,62,TLACOACHISTLAHUACA,22781
438,12,GUERRERO,63,TLACOAPA,10092
439,12,GUERRERO,64,TLALCHAPA,11681
440,12,GUERRERO,65,TLALIXTAQUILLA DE MALDONADO,7602
441,12,GUERRERO,66,TLAPA DE COMONFORT,96125
442,12,GUERRERO,67,TLAPEHUALA,22209
443,12,GUERRERO,68,LA UNION DE ISIDORO MONTES DE OCA,26349
444,12,GUERRERO,69,XALPATLAHUAC,11966
445,12,GUERRERO,70,XOCHIHUEHUETLAN,7862
446,12,GUERRERO,71,XOCHISTLAHUACA,29891
447,12,GUERRERO,72,ZAPOTITLAN TABLAS,12004
448,12,GUERRERO,73,ZIRANDARO,18031
449,12,GUERRERO,74,ZITLALA,21977
450,12,GUERRERO,75,EDUARDO NERI,53126
451,12,GUERRERO,76,ACATEPEC,40197
452,12,GUERRERO,77,MARQUELIA,14280
453,12,GUERRERO,78,COCHOAPA EL GRANDE,21241
454,12,GUERRERO,79,JOSE JOAQUIN DE HERRERA,18381
455,12,GUERRERO,80,JUCHITAN,7559
456,12,GUERRERO,81,ILIATENCO,11679
457,13,HIDALGO,1,ACATLAN,22268
458,13,HIDALGO,2,ACAXOCHITLAN,46065
459,13,HIDALGO,3,ACTOPAN,61002
460,13,HIDALGO,4,AGUA BLANCA DE ITURBIDE,10313
461,13,HIDALGO,5,AJACUBA,18872
462,13,HIDALGO,6,ALFAJAYUCAN,19162
463,13,HIDALGO,7,ALMOLOYA,12546
464,13,HIDALGO,8,APAN,46681
465,13,HIDALGO,9,EL ARENAL,19836
466,13,HIDALGO,10,ATITALAQUIA,31525
467,13,HIDALGO,11,ATLAPEXCO,19812
468,13,HIDALGO,12,ATOTONILCO EL GRANDE,30135
469,13,HIDALGO,13,ATOTONILCO DE TULA,62470
470,13,HIDALGO,14,CALNALI,16150
471,13,HIDALGO,15,CARDONAL,19431
472,13,HIDALGO,16,CUAUTEPEC DE HINOJOSA,60421
473,13,HIDALGO,17,CHAPANTONGO,12967
474,13,HIDALGO,18,CHAPULHUACAN,22903
475,13,HIDALGO,19,CHILCUAUTLA,18909
476,13,HIDALGO,20,ELOXOCHITLAN,2593
477,13,HIDALGO,21,EMILIANO ZAPATA,15175
478,13,HIDALGO,22,EPAZOYUCAN,16285
479,13,HIDALGO,23,FRANCISCO I. MADERO,36248
480,13,HIDALGO,24,HUASCA DE OCAMPO,17607
481,13,HIDALGO,25,HUAUTLA,20673
482,13,HIDALGO,26,HUAZALINGO,12766
483,13,HIDALGO,27,HUEHUETLA,22846
484,13,HIDALGO,28,HUEJUTLA DE REYES,126781
485,13,HIDALGO,29,HUICHAPAN,47425
486,13,HIDALGO,30,IXMIQUILPAN,98654
487,13,HIDALGO,31,JACALA DE LEDEZMA,12290
488,13,HIDALGO,32,JALTOCAN,10523
489,13,HIDALGO,33,JUAREZ HIDALGO,2895
490,13,HIDALGO,34,LOLOTLA,9474
491,13,HIDALGO,35,METEPEC,13078
492,13,HIDALGO,36,SAN AGUSTIN METZQUITITLAN,9449
493,13,HIDALGO,37,METZTITLAN,20962
494,13,HIDALGO,38,MINERAL DEL CHICO,8878
495,13,HIDALGO,39,MINERAL DEL MONTE,14324
496,13,HIDALGO,40,LA MISION,9819
497,13,HIDALGO,41,MIXQUIAHUALA DE JUAREZ,47222
498,13,HIDALGO,42,MOLANGO DE ESCAMILLA,11578
499,13,HIDALGO,43,NICOLAS FLORES,6265
500,13,HIDALGO,44,NOPALA DE VILLAGRAN,16948
501,13,HIDALGO,45,OMITLAN DE JUAREZ,9295
502,13,HIDALGO,46,SAN FELIPE ORIZATLAN,38492
503,13,HIDALGO,47,PACULA,4748
504,13,HIDALGO,48,PACHUCA DE SOTO,314331
505,13,HIDALGO,49,PISAFLORES,18723
506,13,HIDALGO,50,PROGRESO DE OBREGON,23641
507,13,HIDALGO,51,MINERAL DE LA REFORMA,202749
508,13,HIDALGO,52,SAN AGUSTIN TLAXIACA,38891
509,13,HIDALGO,53,SAN BARTOLO TUTOTEPEC,17699
510,13,HIDALGO,54,SAN SALVADOR,36796
511,13,HIDALGO,55,SANTIAGO DE ANAYA,18329
512,13,HIDALGO,56,SANTIAGO TULANTEPEC DE LUGO GUERRERO,39561
513,13,HIDALGO,57,SINGUILUCAN,15142
514,13,HIDALGO,58,TASQUILLO,17441
515,13,HIDALGO,59,TECOZAUTLA,38010
516,13,HIDALGO,60,TENANGO DE DORIA,17503
517,13,HIDALGO,61,TEPEAPULCO,56245
518,13,HIDALGO,62,TEPEHUACAN DE GUERRERO,31235
519,13,HIDALGO,63,TEPEJI DEL RIO DE OCAMPO,90546
520,13,HIDALGO,64,TEPETITLAN,10830
521,13,HIDALGO,65,TETEPANGO,11768
522,13,HIDALGO,66,VILLA DE TEZONTEPEC,13032
523,13,HIDALGO,67,TEZONTEPEC DE ALDAMA,55134
524,13,HIDALGO,68,TIANGUISTENGO,14340
525,13,HIDALGO,69,TIZAYUCA,168302
526,13,HIDALGO,70,TLAHUELILPAN,19067
527,13,HIDALGO,71,TLAHUILTEPA,9086
528,13,HIDALGO,72,TLANALAPA,11113
529,13,HIDALGO,73,TLANCHINOL,37722
530,13,HIDALGO,74,TLAXCOAPAN,28626
531,13,HIDALGO,75,TOLCAYUCA,21362
532,13,HIDALGO,76,TULA DE ALLENDE,115107
533,13,HIDALGO,77,TULANCINGO DE BRAVO,168369
534,13,HIDALGO,78,XOCHIATIPAN,18260
535,13,HIDALGO,79,XOCHICOATLAN,7015
536,13,HIDALGO,80,YAHUALICA,24674
537,13,HIDALGO,81,ZACUALTIPAN DE ANGELES,38155
538,13,HIDALGO,82,ZAPOTLAN DE JUAREZ,21443
539,13,HIDALGO,83,ZEMPOALA,57906
540,13,HIDALGO,84,ZIMAPAN,39927
541,14,JALISCO,1,ACATIC,23175
542,14,JALISCO,2,ACATLAN DE JUAREZ,25250
543,14,JALISCO,3,AHUALULCO DE MERCADO,23630
544,14,JALISCO,4,AMACUECA,5743
545,14,JALISCO,5,AMATITAN,16490
546,14,JALISCO,6,AMECA,60386
547,14,JALISCO,7,SAN JUANITO DE ESCOBEDO,9433
548,14,JALISCO,8,ARANDAS,80609
549,14,JALISCO,9,EL ARENAL,21115
550,14,JALISCO,10,ATEMAJAC DE BRIZUELA,7758
551,14,JALISCO,11,ATENGO,5599
552,14,JALISCO,12,ATENGUILLO,4176
553,14,JALISCO,13,ATOTONILCO EL ALTO,64009
554,14,JALISCO,14,ATOYAC,8689
555,14,JALISCO,15,AUTLAN DE NAVARRO,64931
556,14,JALISCO,16,AYOTLAN,41552
557,14,JALISCO,17,AYUTLA,12880
558,14,JALISCO,18,LA BARCA,67937
559,14,JALISCO,19,BOLAÑOS,7043
560,14,JALISCO,20,CABO CORRIENTES,10940
561,14,JALISCO,21,CASIMIRO CASTILLO,20548
562,14,JALISCO,22,CIHUATLAN,40139
563,14,JALISCO,23,ZAPOTLAN EL GRANDE,115141
564,14,JALISCO,24,COCULA,29267
565,14,JALISCO,25,COLOTLAN,19689
566,14,JALISCO,26,CONCEPCION DE BUENOS AIRES,6334
567,14,JALISCO,27,CUAUTITLAN DE GARCIA BARRAGAN,18370
568,14,JALISCO,28,CUAUTLA,2166
569,14,JALISCO,29,CUQUIO,17820
570,14,JALISCO,30,CHAPALA,55196
571,14,JALISCO,31,CHIMALTITAN,3270
572,14,JALISCO,32,CHIQUILISTLAN,5983
573,14,JALISCO,33,DEGOLLADO,21226
574,14,JALISCO,34,EJUTLA,1981
575,14,JALISCO,35,ENCARNACION DE DIAZ,53039
576,14,JALISCO,36,ETZATLAN,20011
577,14,JALISCO,37,EL GRULLO,25920
578,14,JALISCO,38,GUACHINANGO,4199
579,14,JALISCO,39,GUADALAJARA,1385629
580,14,JALISCO,40,HOSTOTIPAQUILLO,8732
581,14,JALISCO,41,HUEJUCAR,5920
582,14,JALISCO,42,HUEJUQUILLA EL ALTO,10015
583,14,JALISCO,43,LA HUERTA,23258
584,14,JALISCO,44,IXTLAHUACAN DE LOS MEMBRILLOS,67969
585,14,JALISCO,45,IXTLAHUACAN DEL RIO,20465
586,14,JALISCO,46,JALOSTOTITLAN,32678
587,14,JALISCO,47,JAMAY,24894
588,14,JALISCO,48,JESUS MARIA,18982
589,14,JALISCO,49,JILOTLAN DE LOS DOLORES,9425
590,14,JALISCO,50,JOCOTEPEC,47105
591,14,JALISCO,51,JUANACATLAN,30855
592,14,JALISCO,52,JUCHITLAN,5534
593,14,JALISCO,53,LAGOS DE MORENO,172403
594,14,JALISCO,54,EL LIMON,5368
595,14,JALISCO,55,MAGDALENA,21781
596,14,JALISCO,56,SANTA MARIA DEL ORO,1815
597,14,JALISCO,57,LA MANZANILLA DE LA PAZ,4099
598,14,JALISCO,58,MASCOTA,14451
599,14,JALISCO,59,MAZAMITLA,14043
600,14,JALISCO,60,MEXTICACAN,5307
601,14,JALISCO,61,MEZQUITIC,22083
602,14,JALISCO,62,MIXTLAN,3638
603,14,JALISCO,63,OCOTLAN,106050
604,14,JALISCO,64,OJUELOS DE JALISCO,33588
605,14,JALISCO,65,PIHUAMO,11386
606,14,JALISCO,66,PONCITLAN,53659
607,14,JALISCO,67,PUERTO VALLARTA,291839
608,14,JALISCO,68,VILLA PURIFICACION,11303
609,14,JALISCO,69,QUITUPAN,7734
610,14,JALISCO,70,EL SALTO,232852
611,14,JALISCO,71,SAN CRISTOBAL DE LA BARRANCA,2924
612,14,JALISCO,72,SAN DIEGO DE ALEJANDRIA,7609
613,14,JALISCO,73,SAN JUAN DE LOS LAGOS,72230
614,14,JALISCO,74,SAN JULIAN,16792
615,14,JALISCO,75,SAN MARCOS,3791
616,14,JALISCO,76,SAN MARTIN DE BOLAÑOS,3095
617,14,JALISCO,77,SAN MARTIN HIDALGO,28102
618,14,JALISCO,78,SAN MIGUEL EL ALTO,31965
619,14,JALISCO,79,GOMEZ FARIAS,16431
620,14,JALISCO,80,SAN SEBASTIAN DEL OESTE,5086
621,14,JALISCO,81,SANTA MARIA DE LOS ANGELES,3515
622,14,JALISCO,82,SAYULA,37186
623,14,JALISCO,83,TALA,87690
624,14,JALISCO,84,TALPA DE ALLENDE,14997
625,14,JALISCO,85,TAMAZULA DE GORDIANO,38955
626,14,JALISCO,86,TAPALPA,21245
627,14,JALISCO,87,TECALITLAN,16705
628,14,JALISCO,88,TECOLOTLAN,16603
629,14,JALISCO,89,TECHALUTA DE MONTENEGRO,4072
630,14,JALISCO,90,TENAMAXTLAN,7302
631,14,JALISCO,91,TEOCALTICHE,39839
632,14,JALISCO,92,TEOCUITATLAN DE CORONA,11039
633,14,JALISCO,93,TEPATITLAN DE MORELOS,150190
634,14,JALISCO,94,TEQUILA,44353
635,14,JALISCO,95,TEUCHITLAN,9647
636,14,JALISCO,96,TIZAPAN EL ALTO,22758
637,14,JALISCO,97,TLAJOMULCO DE ZUÑIGA,727750
638,14,JALISCO,98,SAN PEDRO TLAQUEPAQUE,687127
639,14,JALISCO,99,TOLIMAN,11219
640,14,JALISCO,100,TOMATLAN,36316
641,14,JALISCO,101,TONALA,569913
642,14,JALISCO,102,TONAYA,5961
643,14,JALISCO,103,TONILA,7565
644,14,JALISCO,104,TOTATICHE,4180
645,14,JALISCO,105,TOTOTLAN,23573
646,14,JALISCO,106,TUXCACUESCO,5482
647,14,JALISCO,107,TUXCUECA,6702
648,14,JALISCO,108,TUXPAN,37518
649,14,JALISCO,109,UNION DE SAN ANTONIO,19069
650,14,JALISCO,110,UNION DE TULA,13799
651,14,JALISCO,111,VALLE DE GUADALUPE,6627
652,14,JALISCO,112,VALLE DE JUAREZ,6151
653,14,JALISCO,113,SAN GABRIEL,16548
654,14,JALISCO,114,VILLA CORONA,19063
655,14,JALISCO,115,VILLA GUERRERO,5525
656,14,JALISCO,116,VILLA HIDALGO,20088
657,14,JALISCO,117,CAÑADAS DE OBREGON,4388
658,14,JALISCO,118,YAHUALICA DE GONZALEZ GALLO,22394
659,14,JALISCO,119,ZACOALCO DE TORRES,30472
660,14,JALISCO,120,ZAPOPAN,1476491
661,14,JALISCO,121,ZAPOTILTIC,33713
662,14,JALISCO,122,ZAPOTITLAN DE VADILLO,7466
663,14,JALISCO,123,ZAPOTLAN DEL REY,19279
664,14,JALISCO,124,ZAPOTLANEJO,64806
665,14,JALISCO,125,SAN IGNACIO CERRO GORDO,18341
666,15,MEXICO (ESTADO DE MEXICO),1,ACAMBAY DE RUIZ CASTAÑEDA,67872
667,15,MEXICO (ESTADO DE MEXICO),2,ACOLMAN,171507
668,15,MEXICO (ESTADO DE MEXICO),3,ACULCO,49266
669,15,MEXICO (ESTADO DE MEXICO),4,ALMOLOYA DE ALQUISIRAS,15333
670,15,MEXICO (ESTADO DE MEXICO),5,ALMOLOYA DE JUAREZ,174587
671,15,MEXICO (ESTADO DE MEXICO),6,ALMOLOYA DEL RIO,12694
672,15,MEXICO (ESTADO DE MEXICO),7,AMANALCO,23675
673,15,MEXICO (ESTADO DE MEXICO),8,AMATEPEC,25244
674,15,MEXICO (ESTADO DE MEXICO),9,AMECAMECA,53441
675,15,MEXICO (ESTADO DE MEXICO),10,APAXCO,31898
676,15,MEXICO (ESTADO DE MEXICO),11,ATENCO,75489
677,15,MEXICO (ESTADO DE MEXICO),12,ATIZAPAN,12984
678,15,MEXICO (ESTADO DE MEXICO),13,ATIZAPAN DE ZARAGOZA,523674
679,15,MEXICO (ESTADO DE MEXICO),14,ATLACOMULCO,109384
680,15,MEXICO (ESTADO DE MEXICO),15,ATLAUTLA,31900
681,15,MEXICO (ESTADO DE MEXICO),16,AXAPUSCO,29128
682,15,MEXICO (ESTADO DE MEXICO),17,AYAPANGO,10053
683,15,MEXICO (ESTADO DE MEXICO),18,CALIMAYA,68489
684,15,MEXICO (ESTADO DE MEXICO),19,CAPULHUAC,36921
685,15,MEXICO (ESTADO DE MEXICO),20,COACALCO DE BERRIOZABAL,293444
686,15,MEXICO (ESTADO DE MEXICO),21,COATEPEC HARINAS,38643
687,15,MEXICO (ESTADO DE MEXICO),22,COCOTITLAN,15107
688,15,MEXICO (ESTADO DE MEXICO),23,COYOTEPEC,40885
689,15,MEXICO (ESTADO DE MEXICO),24,CUAUTITLAN,178847
690,15,MEXICO (ESTADO DE MEXICO),25,CHALCO,400057
691,15,MEXICO (ESTADO DE MEXICO),26,CHAPA DE MOTA,31737
692,15,MEXICO (ESTADO DE MEXICO),27,CHAPULTEPEC,12772
693,15,MEXICO (ESTADO DE MEXICO),28,CHIAUTLA,30045
694,15,MEXICO (ESTADO DE MEXICO),29,CHICOLOAPAN,200750
695,15,MEXICO (ESTADO DE MEXICO),30,CHICONCUAC,27692
696,15,MEXICO (ESTADO DE MEXICO),31,CHIMALHUACAN,705193
697,15,MEXICO (ESTADO DE MEXICO),32,DONATO GUERRA,37436
698,15,MEXICO (ESTADO DE MEXICO),33,ECATEPEC DE MORELOS,1645352
699,15,MEXICO (ESTADO DE MEXICO),34,ECATZINGO,10827
700,15,MEXICO (ESTADO DE MEXICO),35,HUEHUETOCA,163244
701,15,MEXICO (ESTADO DE MEXICO),36,HUEYPOXTLA,46757
702,15,MEXICO (ESTADO DE MEXICO),37,HUIXQUILUCAN,284965
703,15,MEXICO (ESTADO DE MEXICO),38,ISIDRO FABELA,11929
704,15,MEXICO (ESTADO DE MEXICO),39,IXTAPALUCA,542211
705,15,MEXICO (ESTADO DE MEXICO),40,IXTAPAN DE LA SAL,36911
706,15,MEXICO (ESTADO DE MEXICO),41,IXTAPAN DEL ORO,6475
707,15,MEXICO (ESTADO DE MEXICO),42,IXTLAHUACA,160139
708,15,MEXICO (ESTADO DE MEXICO),43,XALATLACO,30687
709,15,MEXICO (ESTADO DE MEXICO),44,JALTENCO,28217
710,15,MEXICO (ESTADO DE MEXICO),45,JILOTEPEC,87671
711,15,MEXICO (ESTADO DE MEXICO),46,JILOTZINGO,19877
712,15,MEXICO (ESTADO DE MEXICO),47,JIQUIPILCO,76826
713,15,MEXICO (ESTADO DE MEXICO),48,JOCOTITLAN,69264
714,15,MEXICO (ESTADO DE MEXICO),49,JOQUICINGO,15428
715,15,MEXICO (ESTADO DE MEXICO),50,JUCHITEPEC,27116
716,15,MEXICO (ESTADO DE MEXICO),51,LERMA,170327
717,15,MEXICO (ESTADO DE MEXICO),52,MALINALCO,28155
718,15,MEXICO (ESTADO DE MEXICO),53,MELCHOR OCAMPO,61220
719,15,MEXICO (ESTADO DE MEXICO),54,METEPEC,242307
720,15,MEXICO (ESTADO DE MEXICO),55,MEXICALTZINGO,13807
721,15,MEXICO (ESTADO DE MEXICO),56,MORELOS,33164
722,15,MEXICO (ESTADO DE MEXICO),57,NAUCALPAN DE JUAREZ,834434
723,15,MEXICO (ESTADO DE MEXICO),58,NEZAHUALCOYOTL,1077208
724,15,MEXICO (ESTADO DE MEXICO),59,NEXTLALPAN,57082
725,15,MEXICO (ESTADO DE MEXICO),60,NICOLAS ROMERO,430601
726,15,MEXICO (ESTADO DE MEXICO),61,NOPALTEPEC,10351
727,15,MEXICO (ESTADO DE MEXICO),62,OCOYOACAC,72103
728,15,MEXICO (ESTADO DE MEXICO),63,OCUILAN,36223
729,15,MEXICO (ESTADO DE MEXICO),64,EL ORO,36937
730,15,MEXICO (ESTADO DE MEXICO),65,OTUMBA,36331
731,15,MEXICO (ESTADO DE MEXICO),66,OTZOLOAPAN,4891
732,15,MEXICO (ESTADO DE MEXICO),67,OTZOLOTEPEC,88783
733,15,MEXICO (ESTADO DE MEXICO),68,OZUMBA,30785
734,15,MEXICO (ESTADO DE MEXICO),69,PAPALOTLA,4862
735,15,MEXICO (ESTADO DE MEXICO),70,LA PAZ,304088
736,15,MEXICO (ESTADO DE MEXICO),71,POLOTITLAN,14985
737,15,MEXICO (ESTADO DE MEXICO),72,RAYON,15972
738,15,MEXICO (ESTADO DE MEXICO),73,SAN ANTONIO LA ISLA,31962
739,15,MEXICO (ESTADO DE MEXICO),74,SAN FELIPE DEL PROGRESO,144924
740,15,MEXICO (ESTADO DE MEXICO),75,SAN MARTIN DE LAS PIRAMIDES,29182
741,15,MEXICO (ESTADO DE MEXICO),76,SAN MATEO ATENCO,97418
742,15,MEXICO (ESTADO DE MEXICO),77,SAN SIMON DE GUERRERO,6692
743,15,MEXICO (ESTADO DE MEXICO),78,SANTO TOMAS,9729
744,15,MEXICO (ESTADO DE MEXICO),79,SOYANIQUILPAN DE JUAREZ,14323
745,15,MEXICO (ESTADO DE MEXICO),80,SULTEPEC,24145
746,15,MEXICO (ESTADO DE MEXICO),81,TECAMAC,547503
747,15,MEXICO (ESTADO DE MEXICO),82,TEJUPILCO,79282
748,15,MEXICO (ESTADO DE MEXICO),83,TEMAMATLA,14130
749,15,MEXICO (ESTADO DE MEXICO),84,TEMASCALAPA,43593
750,15,MEXICO (ESTADO DE MEXICO),85,TEMASCALCINGO,66414
751,15,MEXICO (ESTADO DE MEXICO),86,TEMASCALTEPEC,35014
752,15,MEXICO (ESTADO DE MEXICO),87,TEMOAYA,105766
753,15,MEXICO (ESTADO DE MEXICO),88,TENANCINGO,104677
754,15,MEXICO (ESTADO DE MEXICO),89,TENANGO DEL AIRE,11359
755,15,MEXICO (ESTADO DE MEXICO),90,TENANGO DEL VALLE,90518
756,15,MEXICO (ESTADO DE MEXICO),91,TEOLOYUCAN,65459
757,15,MEXICO (ESTADO DE MEXICO),92,TEOTIHUACAN,58507
758,15,MEXICO (ESTADO DE MEXICO),93,TEPETLAOXTOC,32564
759,15,MEXICO (ESTADO DE MEXICO),94,TEPETLIXPA,20500
760,15,MEXICO (ESTADO DE MEXICO),95,TEPOTZOTLAN,103696
761,15,MEXICO (ESTADO DE MEXICO),96,TEQUIXQUIAC,39489
762,15,MEXICO (ESTADO DE MEXICO),97,TEXCALTITLAN,18482
763,15,MEXICO (ESTADO DE MEXICO),98,TEXCALYACAC,5736
764,15,MEXICO (ESTADO DE MEXICO),99,TEXCOCO,277562
765,15,MEXICO (ESTADO DE MEXICO),100,TEZOYUCA,47044
766,15,MEXICO (ESTADO DE MEXICO),101,TIANGUISTENCO,84259
767,15,MEXICO (ESTADO DE MEXICO),102,TIMILPAN,16414
768,15,MEXICO (ESTADO DE MEXICO),103,TLALMANALCO,49196
769,15,MEXICO (ESTADO DE MEXICO),104,TLALNEPANTLA DE BAZ,672202
770,15,MEXICO (ESTADO DE MEXICO),105,TLATLAYA,31762
771,15,MEXICO (ESTADO DE MEXICO),106,TOLUCA,910608
772,15,MEXICO (ESTADO DE MEXICO),107,TONATICO,12912
773,15,MEXICO (ESTADO DE MEXICO),108,TULTEPEC,157645
774,15,MEXICO (ESTADO DE MEXICO),109,TULTITLAN,516341
775,15,MEXICO (ESTADO DE MEXICO),110,VALLE DE BRAVO,61590
776,15,MEXICO (ESTADO DE MEXICO),111,VILLA DE ALLENDE,53275
777,15,MEXICO (ESTADO DE MEXICO),112,VILLA DEL CARBON,51498
778,15,MEXICO (ESTADO DE MEXICO),113,VILLA GUERRERO,69086
779,15,MEXICO (ESTADO DE MEXICO),114,VILLA VICTORIA,108196
780,15,MEXICO (ESTADO DE MEXICO),115,XONACATLAN,54633
781,15,MEXICO (ESTADO DE MEXICO),116,ZACAZONAPAN,5109
782,15,MEXICO (ESTADO DE MEXICO),117,ZACUALPAN,13522
783,15,MEXICO (ESTADO DE MEXICO),118,ZINACANTEPEC,203872
784,15,MEXICO (ESTADO DE MEXICO),119,ZUMPAHUACAN,18833
785,15,MEXICO (ESTADO DE MEXICO),120,ZUMPANGO,280455
786,15,MEXICO (ESTADO DE MEXICO),121,CUAUTITLAN IZCALLI,555163
787,15,MEXICO (ESTADO DE MEXICO),122,VALLE DE CHALCO SOLIDARIDAD,391731
788,15,MEXICO (ESTADO DE MEXICO),123,LUVIANOS,28822
789,15,MEXICO (ESTADO DE MEXICO),124,SAN JOSE DEL RINCON,100082
790,15,MEXICO (ESTADO DE MEXICO),125,TONANITLA,14883
791,16,MICHOACAN DE OCAMPO,1,ACUITZIO,11301
792,16,MICHOACAN DE OCAMPO,2,AGUILILLA,14754
793,16,MICHOACAN DE OCAMPO,3,ALVARO OBREGON,23000
794,16,MICHOACAN DE OCAMPO,4,ANGAMACUTIRO,14943
795,16,MICHOACAN DE OCAMPO,5,ANGANGUEO,10892
796,16,MICHOACAN DE OCAMPO,6,APATZINGAN,126191
797,16,MICHOACAN DE OCAMPO,7,APORO,3529
798,16,MICHOACAN DE OCAMPO,8,AQUILA,24676
799,16,MICHOACAN DE OCAMPO,9,ARIO,36268
800,16,MICHOACAN DE OCAMPO,10,ARTEAGA,20332
801,16,MICHOACAN DE OCAMPO,11,BRISEÑAS,11681
802,16,MICHOACAN DE OCAMPO,12,BUENAVISTA,45538
803,16,MICHOACAN DE OCAMPO,13,CARACUARO,9176
804,16,MICHOACAN DE OCAMPO,14,COAHUAYANA,17022
805,16,MICHOACAN DE OCAMPO,15,COALCOMAN DE VAZQUEZ PALLARES,19633
806,16,MICHOACAN DE OCAMPO,16,COENEO,20965
807,16,MICHOACAN DE OCAMPO,17,CONTEPEC,35070
808,16,MICHOACAN DE OCAMPO,18,COPANDARO,9484
809,16,MICHOACAN DE OCAMPO,19,COTIJA,20198
810,16,MICHOACAN DE OCAMPO,20,CUITZEO,29910
811,16,MICHOACAN DE OCAMPO,21,CHARAPAN,13539
812,16,MICHOACAN DE OCAMPO,22,CHARO,25138
813,16,MICHOACAN DE OCAMPO,23,CHAVINDA,10417
814,16,MICHOACAN DE OCAMPO,24,CHERAN,20586
815,16,MICHOACAN DE OCAMPO,25,CHILCHOTA,40560
816,16,MICHOACAN DE OCAMPO,26,CHINICUILA,4773
817,16,MICHOACAN DE OCAMPO,27,CHUCANDIRO,4944
818,16,MICHOACAN DE OCAMPO,28,CHURINTZIO,5233
819,16,MICHOACAN DE OCAMPO,29,CHURUMUCO,12342
820,16,MICHOACAN DE OCAMPO,30,ECUANDUREO,11850
821,16,MICHOACAN DE OCAMPO,31,EPITACIO HUERTA,16112
822,16,MICHOACAN DE OCAMPO,32,ERONGARICUARO,15715
823,16,MICHOACAN DE OCAMPO,33,GABRIEL ZAMORA,21466
824,16,MICHOACAN DE OCAMPO,34,HIDALGO,125712
825,16,MICHOACAN DE OCAMPO,35,LA HUACANA,30627
826,16,MICHOACAN DE OCAMPO,36,HUANDACAREO,11644
827,16,MICHOACAN DE OCAMPO,37,HUANIQUEO,7945
828,16,MICHOACAN DE OCAMPO,38,HUETAMO,41973
829,16,MICHOACAN DE OCAMPO,39,HUIRAMBA,9015
830,16,MICHOACAN DE OCAMPO,40,INDAPARAPEO,18385
831,16,MICHOACAN DE OCAMPO,41,IRIMBO,16043
832,16,MICHOACAN DE OCAMPO,42,IXTLAN,14302
833,16,MICHOACAN DE OCAMPO,43,JACONA,68781
834,16,MICHOACAN DE OCAMPO,44,JIMENEZ,12946
835,16,MICHOACAN DE OCAMPO,45,JIQUILPAN,36158
836,16,MICHOACAN DE OCAMPO,46,JUAREZ,14936
837,16,MICHOACAN DE OCAMPO,47,JUNGAPEO,19834
838,16,MICHOACAN DE OCAMPO,48,LAGUNILLAS,5745
839,16,MICHOACAN DE OCAMPO,49,MADERO,19086
840,16,MICHOACAN DE OCAMPO,50,MARAVATIO,89311
841,16,MICHOACAN DE OCAMPO,51,MARCOS CASTELLANOS,13983
842,16,MICHOACAN DE OCAMPO,52,LAZARO CARDENAS,196003
843,16,MICHOACAN DE OCAMPO,53,MORELIA,849053
844,16,MICHOACAN DE OCAMPO,54,MORELOS,7983
845,16,MICHOACAN DE OCAMPO,55,MUGICA,45732
846,16,MICHOACAN DE OCAMPO,56,NAHUATZEN,32598
847,16,MICHOACAN DE OCAMPO,57,NOCUPETARO,8196
848,16,MICHOACAN DE OCAMPO,58,NUEVO PARANGARICUTIRO,20981
849,16,MICHOACAN DE OCAMPO,59,NUEVO URECHO,9027
850,16,MICHOACAN DE OCAMPO,60,NUMARAN,9437
851,16,MICHOACAN DE OCAMPO,61,OCAMPO,24774
852,16,MICHOACAN DE OCAMPO,62,PAJACUARAN,21028
853,16,MICHOACAN DE OCAMPO,63,PANINDICUARO,14889
854,16,MICHOACAN DE OCAMPO,64,PARACUARO,26832
855,16,MICHOACAN DE OCAMPO,65,PARACHO,39657
856,16,MICHOACAN DE OCAMPO,66,PATZCUARO,98382
857,16,MICHOACAN DE OCAMPO,67,PENJAMILLO,16621
858,16,MICHOACAN DE OCAMPO,68,PERIBAN,29389
859,16,MICHOACAN DE OCAMPO,69,LA PIEDAD,106490
860,16,MICHOACAN DE OCAMPO,70,PUREPERO,15503
861,16,MICHOACAN DE OCAMPO,71,PURUANDIRO,69260
862,16,MICHOACAN DE OCAMPO,72,QUERENDARO,13961
863,16,MICHOACAN DE OCAMPO,73,QUIROGA,27176
864,16,MICHOACAN DE OCAMPO,74,COJUMATLAN DE REGULES,10553
865,16,MICHOACAN DE OCAMPO,75,LOS REYES,78935
866,16,MICHOACAN DE OCAMPO,76,SAHUAYO,78477
867,16,MICHOACAN DE OCAMPO,77,SAN LUCAS,17677
868,16,MICHOACAN DE OCAMPO,78,SANTA ANA MAYA,12812
869,16,MICHOACAN DE OCAMPO,79,SALVADOR ESCALANTE,49896
870,16,MICHOACAN DE OCAMPO,80,SENGUIO,19833
871,16,MICHOACAN DE OCAMPO,81,SUSUPUATO,9076
872,16,MICHOACAN DE OCAMPO,82,TACAMBARO,79540
873,16,MICHOACAN DE OCAMPO,83,TANCITARO,33453
874,16,MICHOACAN DE OCAMPO,84,TANGAMANDAPIO,31716
875,16,MICHOACAN DE OCAMPO,85,TANGANCICUARO,35256
876,16,MICHOACAN DE OCAMPO,86,TANHUATO,15534
877,16,MICHOACAN DE OCAMPO,87,TARETAN,15589
878,16,MICHOACAN DE OCAMPO,88,TARIMBARO,114513
879,16,MICHOACAN DE OCAMPO,89,TEPALCATEPEC,24074
880,16,MICHOACAN DE OCAMPO,90,TINGAMBATO,16325
881,16,MICHOACAN DE OCAMPO,91,TINGÜINDIN,14934
882,16,MICHOACAN DE OCAMPO,92,TIQUICHEO DE NICOLAS ROMERO,12836
883,16,MICHOACAN DE OCAMPO,93,TLALPUJAHUA,28556
884,16,MICHOACAN DE OCAMPO,94,TLAZAZALCA,6420
885,16,MICHOACAN DE OCAMPO,95,TOCUMBO,12325
886,16,MICHOACAN DE OCAMPO,96,TUMBISCATIO,5971
887,16,MICHOACAN DE OCAMPO,97,TURICATO,29056
888,16,MICHOACAN DE OCAMPO,98,TUXPAN,25757
889,16,MICHOACAN DE OCAMPO,99,TUZANTLA,14329
890,16,MICHOACAN DE OCAMPO,100,TZINTZUNTZAN,14911
891,16,MICHOACAN DE OCAMPO,101,TZITZIO,8855
892,16,MICHOACAN DE OCAMPO,102,URUAPAN,356786
893,16,MICHOACAN DE OCAMPO,103,VENUSTIANO CARRANZA,23469
894,16,MICHOACAN DE OCAMPO,104,VILLAMAR,15864
895,16,MICHOACAN DE OCAMPO,105,VISTA HERMOSA,20982
896,16,MICHOACAN DE OCAMPO,106,YURECUARO,32303
897,16,MICHOACAN DE OCAMPO,107,ZACAPU,76829
898,16,MICHOACAN DE OCAMPO,108,ZAMORA,204860
899,16,MICHOACAN DE OCAMPO,109,ZINAPARO,3232
900,16,MICHOACAN DE OCAMPO,110,ZINAPECUARO,49005
901,16,MICHOACAN DE OCAMPO,111,ZIRACUARETIRO,18402
902,16,MICHOACAN DE OCAMPO,112,ZITACUARO,157056
903,16,MICHOACAN DE OCAMPO,113,JOSE SIXTO VERDUZCO,26213
904,17,MORELOS,1,AMACUZAC,17598
905,17,MORELOS,2,ATLATLAHUCAN,25232
906,17,MORELOS,3,AXOCHIAPAN,39174
907,17,MORELOS,4,AYALA,89834
908,17,MORELOS,5,COATLAN DEL RIO,10520
909,17,MORELOS,6,CUAUTLA,187118
910,17,MORELOS,7,CUERNAVACA,378476
911,17,MORELOS,8,EMILIANO ZAPATA,107053
912,17,MORELOS,9,HUITZILAC,24515
913,17,MORELOS,10,JANTETELCO,18402
914,17,MORELOS,11,JIUTEPEC,215357
915,17,MORELOS,12,JOJUTLA,57682
916,17,MORELOS,13,JONACATEPEC DE LEANDRO VALLE,16694
917,17,MORELOS,14,MAZATEPEC,9653
918,17,MORELOS,15,MIACATLAN,15802
919,17,MORELOS,16,OCUITUCO,19219
920,17,MORELOS,17,PUENTE DE IXTLA,40018
921,17,MORELOS,18,TEMIXCO,122263
922,17,MORELOS,19,TEPALCINGO,28122
923,17,MORELOS,20,TEPOZTLAN,54987
924,17,MORELOS,21,TETECALA,7617
925,17,MORELOS,22,TETELA DEL VOLCAN,14853
926,17,MORELOS,23,TLALNEPANTLA,7943
927,17,MORELOS,24,TLALTIZAPAN DE ZAPATA,52399
928,17,MORELOS,25,TLAQUILTENANGO,33789
929,17,MORELOS,26,TLAYACAPAN,19408
930,17,MORELOS,27,TOTOLAPAN,12750
931,17,MORELOS,28,XOCHITEPEC,73539
932,17,MORELOS,29,YAUTEPEC,105780
933,17,MORELOS,30,YECAPIXTLA,56083
934,17,MORELOS,31,ZACATEPEC,36094
935,17,MORELOS,32,ZACUALPAN DE AMILPAS,9965
936,17,MORELOS,33,TEMOAC,16574
937,17,MORELOS,34,COATETELCO,11347
938,17,MORELOS,35,XOXOCOTLA,27805
939,17,MORELOS,36,HUEYAPAN,7855
940,18,NAYARIT,1,ACAPONETA,37232
941,18,NAYARIT,2,AHUACATLAN,15393
942,18,NAYARIT,3,AMATLAN DE CAÑAS,11536
943,18,NAYARIT,4,COMPOSTELA,77436
944,18,NAYARIT,5,HUAJICORI,12230
945,18,NAYARIT,6,IXTLAN DEL RIO,29299
946,18,NAYARIT,7,JALA,19321
947,18,NAYARIT,8,XALISCO,65229
948,18,NAYARIT,9,DEL NAYAR,47550
949,18,NAYARIT,10,ROSAMORADA,33567
950,18,NAYARIT,11,RUIZ,24096
951,18,NAYARIT,12,SAN BLAS,41518
952,18,NAYARIT,13,SAN PEDRO LAGUNILLAS,7683
953,18,NAYARIT,14,SANTA MARIA DEL ORO,24911
954,18,NAYARIT,15,SANTIAGO IXCUINTLA,93981
955,18,NAYARIT,16,TECUALA,37135
956,18,NAYARIT,17,TEPIC,425924
957,18,NAYARIT,18,TUXPAN,30064
958,18,NAYARIT,19,LA YESCA,13719
959,18,NAYARIT,20,BAHIA DE BANDERAS,187632
960,19,NUEVO LEON,1,ABASOLO,2974
961,19,NUEVO LEON,2,AGUALEGUAS,3382
962,19,NUEVO LEON,3,LOS ALDAMAS,1407
963,19,NUEVO LEON,4,ALLENDE,35289
964,19,NUEVO LEON,5,ANAHUAC,18030
965,19,NUEVO LEON,6,APODACA,656464
966,19,NUEVO LEON,7,ARAMBERRI,14992
967,19,NUEVO LEON,8,BUSTAMANTE,3661
968,19,NUEVO LEON,9,CADEREYTA JIMENEZ,122337
969,19,NUEVO LEON,10,EL CARMEN,104478
970,19,NUEVO LEON,11,CERRALVO,7340
971,19,NUEVO LEON,12,CIENEGA DE FLORES,68747
972,19,NUEVO LEON,13,CHINA,9930
973,19,NUEVO LEON,14,DOCTOR ARROYO,36088
974,19,NUEVO LEON,15,DOCTOR COSS,1360
975,19,NUEVO LEON,16,DOCTOR GONZALEZ,3256
976,19,NUEVO LEON,17,GALEANA,40903
977,19,NUEVO LEON,18,GARCIA,397205
978,19,NUEVO LEON,19,SAN PEDRO GARZA GARCIA,132169
979,19,NUEVO LEON,20,GENERAL BRAVO,5506
980,19,NUEVO LEON,21,GENERAL ESCOBEDO,481213
981,19,NUEVO LEON,22,GENERAL TERAN,14109
982,19,NUEVO LEON,23,GENERAL TREVIÑO,1808
983,19,NUEVO LEON,24,GENERAL ZARAGOZA,6282
984,19,NUEVO LEON,25,GENERAL ZUAZUA,102149
985,19,NUEVO LEON,26,GUADALUPE,643143
986,19,NUEVO LEON,27,LOS HERRERAS,1959
987,19,NUEVO LEON,28,HIGUERAS,1386
988,19,NUEVO LEON,29,HUALAHUISES,7026
989,19,NUEVO LEON,30,ITURBIDE,3298
990,19,NUEVO LEON,31,JUAREZ,471523
991,19,NUEVO LEON,32,LAMPAZOS DE NARANJO,5351
992,19,NUEVO LEON,33,LINARES,84666
993,19,NUEVO LEON,34,MARIN,5119
994,19,NUEVO LEON,35,MELCHOR OCAMPO,1483
995,19,NUEVO LEON,36,MIER Y NORIEGA,7652
996,19,NUEVO LEON,37,MINA,6048
997,19,NUEVO LEON,38,MONTEMORELOS,67428
998,19,NUEVO LEON,39,MONTERREY,1142994
999,19,NUEVO LEON,40,PARAS,906
1000,19,NUEVO LEON,41,PESQUERIA,147624
1001,19,NUEVO LEON,42,LOS RAMONES,5389
1002,19,NUEVO LEON,43,RAYONES,2377
1003,19,NUEVO LEON,44,SABINAS HIDALGO,34709
1004,19,NUEVO LEON,45,SALINAS VICTORIA,86766
1005,19,NUEVO LEON,46,SAN NICOLAS DE LOS GARZA,412199
1006,19,NUEVO LEON,47,HIDALGO,16086
1007,19,NUEVO LEON,48,SANTA CATARINA,306322
1008,19,NUEVO LEON,49,SANTIAGO,46784
1009,19,NUEVO LEON,50,VALLECILLO,1552
1010,19,NUEVO LEON,51,VILLALDAMA,3573
1011,20,OAXACA,1,ABEJONES,841
1012,20,OAXACA,2,ACATLAN DE PEREZ FIGUEROA,45167
1013,20,OAXACA,3,ASUNCION CACALOTEPEC,2547
1014,20,OAXACA,4,ASUNCION CUYOTEPEJI,1107
1015,20,OAXACA,5,ASUNCION IXTALTEPEC,15261
1016,20,OAXACA,6,ASUNCION NOCHIXTLAN,20464
1017,20,OAXACA,7,ASUNCION OCOTLAN,2395
1018,20,OAXACA,8,ASUNCION TLACOLULITA,734
1019,20,OAXACA,9,AYOTZINTEPEC,6857
1020,20,OAXACA,10,EL BARRIO DE LA SOLEDAD,13474
1021,20,OAXACA,11,CALIHUALA,1402
1022,20,OAXACA,12,CANDELARIA LOXICHA,11166
1023,20,OAXACA,13,CIENEGA DE ZIMATLAN,3043
1024,20,OAXACA,14,CIUDAD IXTEPEC,28082
1025,20,OAXACA,15,COATECAS ALTAS,5356
1026,20,OAXACA,16,COICOYAN DE LAS FLORES,9563
1027,20,OAXACA,17,LA COMPAÑIA,3607
1028,20,OAXACA,18,CONCEPCION BUENAVISTA,752
1029,20,OAXACA,19,CONCEPCION PAPALO,2754
1030,20,OAXACA,20,CONSTANCIA DEL ROSARIO,4847
1031,20,OAXACA,21,COSOLAPA,14488
1032,20,OAXACA,22,COSOLTEPEC,803
1033,20,OAXACA,23,CUILAPAM DE GUERRERO,26882
1034,20,OAXACA,24,CUYAMECALCO VILLA DE ZARAGOZA,3644
1035,20,OAXACA,25,CHAHUITES,11356
1036,20,OAXACA,26,CHALCATONGO DE HIDALGO,9035
1037,20,OAXACA,27,CHIQUIHUITLAN DE BENITO JUAREZ,2179
1038,20,OAXACA,28,HEROICA CIUDAD DE EJUTLA DE CRESPO,23148
1039,20,OAXACA,29,ELOXOCHITLAN DE FLORES MAGON,4215
1040,20,OAXACA,30,EL ESPINAL,8730
1041,20,OAXACA,31,TAMAZULAPAM DEL ESPIRITU SANTO,7185
1042,20,OAXACA,32,FRESNILLO DE TRUJANO,1077
1043,20,OAXACA,33,GUADALUPE ETLA,2929
1044,20,OAXACA,34,GUADALUPE DE RAMIREZ,1288
1045,20,OAXACA,35,GUELATAO DE JUAREZ,657
1046,20,OAXACA,36,GUEVEA DE HUMBOLDT,5256
1047,20,OAXACA,37,MESONES HIDALGO,4424
1048,20,OAXACA,38,VILLA HIDALGO,1885
1049,20,OAXACA,39,HEROICA CIUDAD DE HUAJUAPAN DE LEON,78313
1050,20,OAXACA,40,HUAUTEPEC,6385
1051,20,OAXACA,41,HUAUTLA DE JIMENEZ,31710
1052,20,OAXACA,42,IXTLAN DE JUAREZ,8385
1053,20,OAXACA,43,JUCHITAN DE ZARAGOZA,113570
1054,20,OAXACA,44,LOMA BONITA,40934
1055,20,OAXACA,45,MAGDALENA APASCO,7888
1056,20,OAXACA,46,MAGDALENA JALTEPEC,2943
1057,20,OAXACA,47,SANTA MAGDALENA JICOTLAN,81
1058,20,OAXACA,48,MAGDALENA MIXTEPEC,1433
1059,20,OAXACA,49,MAGDALENA OCOTLAN,1184
1060,20,OAXACA,50,MAGDALENA PEÑASCO,3750
1061,20,OAXACA,51,MAGDALENA TEITIPAC,4764
1062,20,OAXACA,52,MAGDALENA TEQUISISTLAN,5996
1063,20,OAXACA,53,MAGDALENA TLACOTEPEC,1297
1064,20,OAXACA,54,MAGDALENA ZAHUATLAN,404
1065,20,OAXACA,55,MARISCALA DE JUAREZ,3739
1066,20,OAXACA,56,MARTIRES DE TACUBAYA,1446
1067,20,OAXACA,57,MATIAS ROMERO AVENDAÑO,38183
1068,20,OAXACA,58,MAZATLAN VILLA DE FLORES,12722
1069,20,OAXACA,59,MIAHUATLAN DE PORFIRIO DIAZ,50375
1070,20,OAXACA,60,MIXISTLAN DE LA REFORMA,2487
1071,20,OAXACA,61,MONJAS,2893
1072,20,OAXACA,62,NATIVIDAD,498
1073,20,OAXACA,63,NAZARENO ETLA,4293
1074,20,OAXACA,64,NEJAPA DE MADERO,8494
1075,20,OAXACA,65,IXPANTEPEC NIEVES,1079
1076,20,OAXACA,66,SANTIAGO NILTEPEC,5342
1077,20,OAXACA,67,OAXACA DE JUAREZ,270955
1078,20,OAXACA,68,OCOTLAN DE MORELOS,23751
1079,20,OAXACA,69,LA PE,3052
1080,20,OAXACA,70,PINOTEPA DE DON LUIS,6416
1081,20,OAXACA,71,PLUMA HIDALGO,3255
1082,20,OAXACA,72,SAN JOSE DEL PROGRESO,8059
1083,20,OAXACA,73,PUTLA VILLA DE GUERRERO,34652
1084,20,OAXACA,74,SANTA CATARINA QUIOQUITANI,456
1085,20,OAXACA,75,REFORMA DE PINEDA,2660
1086,20,OAXACA,76,LA REFORMA,3411
1087,20,OAXACA,77,REYES ETLA,4370
1088,20,OAXACA,78,ROJAS DE CUAUHTEMOC,1301
1089,20,OAXACA,79,SALINA CRUZ,84438
1090,20,OAXACA,80,SAN AGUSTIN AMATENGO,1593
1091,20,OAXACA,81,SAN AGUSTIN ATENANGO,1871
1092,20,OAXACA,82,SAN AGUSTIN CHAYUCO,4163
1093,20,OAXACA,83,SAN AGUSTIN DE LAS JUNTAS,11391
1094,20,OAXACA,84,SAN AGUSTIN ETLA,4168
1095,20,OAXACA,85,SAN AGUSTIN LOXICHA,26194
1096,20,OAXACA,86,SAN AGUSTIN TLACOTEPEC,1032
1097,20,OAXACA,87,SAN AGUSTIN YATARENI,5521
1098,20,OAXACA,88,SAN ANDRES CABECERA NUEVA,2881
1099,20,OAXACA,89,SAN ANDRES DINICUITI,2308
1100,20,OAXACA,90,SAN ANDRES HUAXPALTEPEC,6234
1101,20,OAXACA,91,SAN ANDRES HUAYAPAM,6279
1102,20,OAXACA,92,SAN ANDRES IXTLAHUACA,1776
1103,20,OAXACA,93,SAN ANDRES LAGUNAS,518
1104,20,OAXACA,94,SAN ANDRES NUXIÑO,1850
1105,20,OAXACA,95,SAN ANDRES PAXTLAN,4562
1106,20,OAXACA,96,SAN ANDRES SINAXTLA,756
1107,20,OAXACA,97,SAN ANDRES SOLAGA,1771
1108,20,OAXACA,98,SAN ANDRES TEOTILALPAM,4233
1109,20,OAXACA,99,SAN ANDRES TEPETLAPA,381
1110,20,OAXACA,100,SAN ANDRES YAA,393
1111,20,OAXACA,101,SAN ANDRES ZABACHE,748
1112,20,OAXACA,102,SAN ANDRES ZAUTLA,5326
1113,20,OAXACA,103,SAN ANTONINO CASTILLO VELASCO,6064
1114,20,OAXACA,104,SAN ANTONINO EL ALTO,2705
1115,20,OAXACA,105,SAN ANTONINO MONTE VERDE,7678
1116,20,OAXACA,106,SAN ANTONIO ACUTLA,249
1117,20,OAXACA,107,SAN ANTONIO DE LA CAL,26282
1118,20,OAXACA,108,SAN ANTONIO HUITEPEC,2936
1119,20,OAXACA,109,SAN ANTONIO NANAHUATIPAM,1232
1120,20,OAXACA,110,SAN ANTONIO SINICAHUA,1668
1121,20,OAXACA,111,SAN ANTONIO TEPETLAPA,4873
1122,20,OAXACA,112,SAN BALTAZAR CHICHICAPAM,2576
1123,20,OAXACA,113,SAN BALTAZAR LOXICHA,3169
1124,20,OAXACA,114,SAN BALTAZAR YATZACHI EL BAJO,674
1125,20,OAXACA,115,SAN BARTOLO COYOTEPEC,10391
1126,20,OAXACA,116,SAN BARTOLOME AYAUTLA,4131
1127,20,OAXACA,117,SAN BARTOLOME LOXICHA,2213
1128,20,OAXACA,118,SAN BARTOLOME QUIALANA,2389
1129,20,OAXACA,119,SAN BARTOLOME YUCUAÑE,735
1130,20,OAXACA,120,SAN BARTOLOME ZOOGOCHO,449
1131,20,OAXACA,121,SAN BARTOLO SOYALTEPEC,596
1132,20,OAXACA,122,SAN BARTOLO YAUTEPEC,653
1133,20,OAXACA,123,SAN BERNARDO MIXTEPEC,2829
1134,20,OAXACA,124,SAN BLAS ATEMPA,19696
1135,20,OAXACA,125,SAN CARLOS YAUTEPEC,11662
1136,20,OAXACA,126,SAN CRISTOBAL AMATLAN,5396
1137,20,OAXACA,127,SAN CRISTOBAL AMOLTEPEC,1252
1138,20,OAXACA,128,SAN CRISTOBAL LACHIRIOAG,1342
1139,20,OAXACA,129,SAN CRISTOBAL SUCHIXTLAHUACA,356
1140,20,OAXACA,130,SAN DIONISIO DEL MAR,5180
1141,20,OAXACA,131,SAN DIONISIO OCOTEPEC,11411
1142,20,OAXACA,132,SAN DIONISIO OCOTLAN,1380
1143,20,OAXACA,133,SAN ESTEBAN ATATLAHUCA,3934
1144,20,OAXACA,134,SAN FELIPE JALAPA DE DIAZ,28500
1145,20,OAXACA,135,SAN FELIPE TEJALAPAM,8231
1146,20,OAXACA,136,SAN FELIPE USILA,12191
1147,20,OAXACA,137,SAN FRANCISCO CAHUACUA,3450
1148,20,OAXACA,138,SAN FRANCISCO CAJONOS,451
1149,20,OAXACA,139,SAN FRANCISCO CHAPULAPA,2195
1150,20,OAXACA,140,SAN FRANCISCO CHINDUA,812
1151,20,OAXACA,141,SAN FRANCISCO DEL MAR,8710
1152,20,OAXACA,142,SAN FRANCISCO HUEHUETLAN,842
1153,20,OAXACA,143,SAN FRANCISCO IXHUATAN,9461
1154,20,OAXACA,144,SAN FRANCISCO JALTEPETONGO,1075
1155,20,OAXACA,145,SAN FRANCISCO LACHIGOLO,5215
1156,20,OAXACA,146,SAN FRANCISCO LOGUECHE,2803
1157,20,OAXACA,147,SAN FRANCISCO NUXAÑO,376
1158,20,OAXACA,148,SAN FRANCISCO OZOLOTEPEC,2182
1159,20,OAXACA,149,SAN FRANCISCO SOLA,2019
1160,20,OAXACA,150,SAN FRANCISCO TELIXTLAHUACA,13856
1161,20,OAXACA,151,SAN FRANCISCO TEOPAN,312
1162,20,OAXACA,152,SAN FRANCISCO TLAPANCINGO,2472
1163,20,OAXACA,153,SAN GABRIEL MIXTEPEC,4910
1164,20,OAXACA,154,SAN ILDEFONSO AMATLAN,2329
1165,20,OAXACA,155,SAN ILDEFONSO SOLA,1060
1166,20,OAXACA,156,SAN ILDEFONSO VILLA ALTA,3677
1167,20,OAXACA,157,SAN JACINTO AMILPAS,16827
1168,20,OAXACA,158,SAN JACINTO TLACOTEPEC,2233
1169,20,OAXACA,159,SAN JERONIMO COATLAN,5537
1170,20,OAXACA,160,SAN JERONIMO SILACAYOAPILLA,1429
1171,20,OAXACA,161,SAN JERONIMO SOSOLA,2730
1172,20,OAXACA,162,SAN JERONIMO TAVICHE,2046
1173,20,OAXACA,163,SAN JERONIMO TECOATL,1577
1174,20,OAXACA,164,SAN JORGE NUCHITA,2881
1175,20,OAXACA,165,SAN JOSE AYUQUILA,1629
1176,20,OAXACA,166,SAN JOSE CHILTEPEC,11310
1177,20,OAXACA,167,SAN JOSE DEL PEÑASCO,2149
1178,20,OAXACA,168,SAN JOSE ESTANCIA GRANDE,938
1179,20,OAXACA,169,SAN JOSE INDEPENDENCIA,4251
1180,20,OAXACA,170,SAN JOSE LACHIGUIRI,3700
1181,20,OAXACA,171,SAN JOSE TENANGO,18102
1182,20,OAXACA,172,SAN JUAN ACHIUTLA,408
1183,20,OAXACA,173,SAN JUAN ATEPEC,1457
1184,20,OAXACA,174,ANIMAS TRUJANO,4564
1185,20,OAXACA,175,SAN JUAN BAUTISTA ATATLAHUCA,1424
1186,20,OAXACA,176,SAN JUAN BAUTISTA COIXTLAHUACA,2725
1187,20,OAXACA,177,SAN JUAN BAUTISTA CUICATLAN,10365
1188,20,OAXACA,178,SAN JUAN BAUTISTA GUELACHE,6692
1189,20,OAXACA,179,SAN JUAN BAUTISTA JAYACATLAN,1447
1190,20,OAXACA,180,SAN JUAN BAUTISTA LO DE SOTO,2344
1191,20,OAXACA,181,SAN JUAN BAUTISTA SUCHITEPEC,453
1192,20,OAXACA,182,SAN JUAN BAUTISTA TLACOATZINTEPEC,2181
1193,20,OAXACA,183,SAN JUAN BAUTISTA TLACHICHILCO,1475
1194,20,OAXACA,184,SAN JUAN BAUTISTA TUXTEPEC,159452
1195,20,OAXACA,185,SAN JUAN CACAHUATEPEC,8939
1196,20,OAXACA,186,SAN JUAN CIENEGUILLA,524
1197,20,OAXACA,187,SAN JUAN COATZOSPAM,1808
1198,20,OAXACA,188,SAN JUAN COLORADO,9609
1199,20,OAXACA,189,SAN JUAN COMALTEPEC,3116
1200,20,OAXACA,190,SAN JUAN COTZOCON,22444
1201,20,OAXACA,191,SAN JUAN CHICOMEZUCHIL,296
1202,20,OAXACA,192,SAN JUAN CHILATECA,1522
1203,20,OAXACA,193,SAN JUAN DEL ESTADO,2807
1204,20,OAXACA,194,SAN JUAN DEL RIO,1372
1205,20,OAXACA,195,SAN JUAN DIUXI,1056
1206,20,OAXACA,196,SAN JUAN EVANGELISTA ANALCO,407
1207,20,OAXACA,197,SAN JUAN GUELAVIA,3288
1208,20,OAXACA,198,SAN JUAN GUICHICOVI,29802
1209,20,OAXACA,199,SAN JUAN IHUALTEPEC,494
1210,20,OAXACA,200,SAN JUAN JUQUILA MIXES,3703
1211,20,OAXACA,201,SAN JUAN JUQUILA VIJANOS,1880
1212,20,OAXACA,202,SAN JUAN LACHAO,4577
1213,20,OAXACA,203,SAN JUAN LACHIGALLA,3538
1214,20,OAXACA,204,SAN JUAN LAJARCIA,634
1215,20,OAXACA,205,SAN JUAN LALANA,16989
1216,20,OAXACA,206,SAN JUAN DE LOS CUES,2421
1217,20,OAXACA,207,SAN JUAN MAZATLAN,19032
1218,20,OAXACA,208,SAN JUAN MIXTEPEC,6941
1219,20,OAXACA,209,SAN JUAN MIXTEPEC,607
1220,20,OAXACA,210,SAN JUAN ÑUMI,5773
1221,20,OAXACA,211,SAN JUAN OZOLOTEPEC,3411
1222,20,OAXACA,212,SAN JUAN PETLAPA,3117
1223,20,OAXACA,213,SAN JUAN QUIAHIJE,4203
1224,20,OAXACA,214,SAN JUAN QUIOTEPEC,2033
1225,20,OAXACA,215,SAN JUAN SAYULTEPEC,879
1226,20,OAXACA,216,SAN JUAN TABAA,1241
1227,20,OAXACA,217,SAN JUAN TAMAZOLA,3325
1228,20,OAXACA,218,SAN JUAN TEITA,544
1229,20,OAXACA,219,SAN JUAN TEITIPAC,2668
1230,20,OAXACA,220,SAN JUAN TEPEUXILA,2692
1231,20,OAXACA,221,SAN JUAN TEPOSCOLULA,1494
1232,20,OAXACA,222,SAN JUAN YAEE,1426
1233,20,OAXACA,223,SAN JUAN YATZONA,440
1234,20,OAXACA,224,SAN JUAN YUCUITA,643
1235,20,OAXACA,225,SAN LORENZO,5903
1236,20,OAXACA,226,SAN LORENZO ALBARRADAS,2971
1237,20,OAXACA,227,SAN LORENZO CACAOTEPEC,18339
1238,20,OAXACA,228,SAN LORENZO CUAUNECUILTITLA,833
1239,20,OAXACA,229,SAN LORENZO TEXMELUCAN,9148
1240,20,OAXACA,230,SAN LORENZO VICTORIA,932
1241,20,OAXACA,231,SAN LUCAS CAMOTLAN,3187
1242,20,OAXACA,232,SAN LUCAS OJITLAN,22185
1243,20,OAXACA,233,SAN LUCAS QUIAVINI,1720
1244,20,OAXACA,234,SAN LUCAS ZOQUIAPAM,7163
1245,20,OAXACA,235,SAN LUIS AMATLAN,3829
1246,20,OAXACA,236,SAN MARCIAL OZOLOTEPEC,1372
1247,20,OAXACA,237,SAN MARCOS ARTEAGA,1568
1248,20,OAXACA,238,SAN MARTIN DE LOS CANSECOS,994
1249,20,OAXACA,239,SAN MARTIN HUAMELULPAM,1000
1250,20,OAXACA,240,SAN MARTIN ITUNYOSO,2749
1251,20,OAXACA,241,SAN MARTIN LACHILA,1034
1252,20,OAXACA,242,SAN MARTIN PERAS,12436
1253,20,OAXACA,243,SAN MARTIN TILCAJETE,1975
1254,20,OAXACA,244,SAN MARTIN TOXPALAN,3934
1255,20,OAXACA,245,SAN MARTIN ZACATEPEC,1324
1256,20,OAXACA,246,SAN MATEO CAJONOS,611
1257,20,OAXACA,247,CAPULALPAM DE MENDEZ,1619
1258,20,OAXACA,248,SAN MATEO DEL MAR,15571
1259,20,OAXACA,249,SAN MATEO YOLOXOCHITLAN,3831
1260,20,OAXACA,250,SAN MATEO ETLATONGO,1239
1261,20,OAXACA,251,SAN MATEO NEJAPAM,1217
1262,20,OAXACA,252,SAN MATEO PEÑASCO,2384
1263,20,OAXACA,253,SAN MATEO PIÑAS,2021
1264,20,OAXACA,254,SAN MATEO RIO HONDO,3207
1265,20,OAXACA,255,SAN MATEO SINDIHUI,1977
1266,20,OAXACA,256,SAN MATEO TLAPILTEPEC,229
1267,20,OAXACA,257,SAN MELCHOR BETAZA,1052
1268,20,OAXACA,258,SAN MIGUEL ACHIUTLA,698
1269,20,OAXACA,259,SAN MIGUEL AHUEHUETITLAN,2142
1270,20,OAXACA,260,SAN MIGUEL ALOAPAM,2191
1271,20,OAXACA,261,SAN MIGUEL AMATITLAN,6932
1272,20,OAXACA,262,SAN MIGUEL AMATLAN,991
1273,20,OAXACA,263,SAN MIGUEL COATLAN,3184
1274,20,OAXACA,264,SAN MIGUEL CHICAHUA,2169
1275,20,OAXACA,265,SAN MIGUEL CHIMALAPA,6711
1276,20,OAXACA,266,SAN MIGUEL DEL PUERTO,8551
1277,20,OAXACA,267,SAN MIGUEL DEL RIO,245
1278,20,OAXACA,268,SAN MIGUEL EJUTLA,1149
1279,20,OAXACA,269,SAN MIGUEL EL GRANDE,4313
1280,20,OAXACA,270,SAN MIGUEL HUAUTLA,1311
1281,20,OAXACA,271,SAN MIGUEL MIXTEPEC,3194
1282,20,OAXACA,272,SAN MIGUEL PANIXTLAHUACA,6252
1283,20,OAXACA,273,SAN MIGUEL PERAS,3818
1284,20,OAXACA,274,SAN MIGUEL PIEDRAS,1328
1285,20,OAXACA,275,SAN MIGUEL QUETZALTEPEC,7286
1286,20,OAXACA,276,SAN MIGUEL SANTA FLOR,691
1287,20,OAXACA,277,VILLA SOLA DE VEGA,12350
1288,20,OAXACA,278,SAN MIGUEL SOYALTEPEC,38682
1289,20,OAXACA,279,SAN MIGUEL SUCHIXTEPEC,2932
1290,20,OAXACA,280,VILLA TALEA DE CASTRO,2011
1291,20,OAXACA,281,SAN MIGUEL TECOMATLAN,305
1292,20,OAXACA,282,SAN MIGUEL TENANGO,653
1293,20,OAXACA,283,SAN MIGUEL TEQUIXTEPEC,1044
1294,20,OAXACA,284,SAN MIGUEL TILQUIAPAM,3141
1295,20,OAXACA,285,SAN MIGUEL TLACAMAMA,3668
1296,20,OAXACA,286,SAN MIGUEL TLACOTEPEC,3100
1297,20,OAXACA,287,SAN MIGUEL TULANCINGO,307
1298,20,OAXACA,288,SAN MIGUEL YOTAO,585
1299,20,OAXACA,289,SAN NICOLAS,1214
1300,20,OAXACA,290,SAN NICOLAS HIDALGO,1043
1301,20,OAXACA,291,SAN PABLO COATLAN,4308
1302,20,OAXACA,292,SAN PABLO CUATRO VENADOS,1510
1303,20,OAXACA,293,SAN PABLO ETLA,17116
1304,20,OAXACA,294,SAN PABLO HUITZO,7035
1305,20,OAXACA,295,SAN PABLO HUIXTEPEC,10020
1306,20,OAXACA,296,SAN PABLO MACUILTIANGUIS,955
1307,20,OAXACA,297,SAN PABLO TIJALTEPEC,2751
1308,20,OAXACA,298,SAN PABLO VILLA DE MITLA,13587
1309,20,OAXACA,299,SAN PABLO YAGANIZA,1125
1310,20,OAXACA,300,SAN PEDRO AMUZGOS,6632
1311,20,OAXACA,301,SAN PEDRO APOSTOL,1594
1312,20,OAXACA,302,SAN PEDRO ATOYAC,4559
1313,20,OAXACA,303,SAN PEDRO CAJONOS,1081
1314,20,OAXACA,304,SAN PEDRO COXCALTEPEC CANTAROS,716
1315,20,OAXACA,305,SAN PEDRO COMITANCILLO,4333
1316,20,OAXACA,306,SAN PEDRO EL ALTO,4654
1317,20,OAXACA,307,SAN PEDRO HUAMELULA,9735
1318,20,OAXACA,308,SAN PEDRO HUILOTEPEC,3307
1319,20,OAXACA,309,SAN PEDRO IXCATLAN,10368
1320,20,OAXACA,310,SAN PEDRO IXTLAHUACA,14552
1321,20,OAXACA,311,SAN PEDRO JALTEPETONGO,483
1322,20,OAXACA,312,SAN PEDRO JICAYAN,11279
1323,20,OAXACA,313,SAN PEDRO JOCOTIPAC,730
1324,20,OAXACA,314,SAN PEDRO JUCHATENGO,1755
1325,20,OAXACA,315,SAN PEDRO MARTIR,1899
1326,20,OAXACA,316,SAN PEDRO MARTIR QUIECHAPA,738
1327,20,OAXACA,317,SAN PEDRO MARTIR YUCUXACO,1257
1328,20,OAXACA,318,SAN PEDRO MIXTEPEC,49780
1329,20,OAXACA,319,SAN PEDRO MIXTEPEC,972
1330,20,OAXACA,320,SAN PEDRO MOLINOS,706
1331,20,OAXACA,321,SAN PEDRO NOPALA,751
1332,20,OAXACA,322,SAN PEDRO OCOPETATILLO,786
1333,20,OAXACA,323,SAN PEDRO OCOTEPEC,2404
1334,20,OAXACA,324,SAN PEDRO POCHUTLA,48204
1335,20,OAXACA,325,SAN PEDRO QUIATONI,11930
1336,20,OAXACA,326,SAN PEDRO SOCHIAPAM,5052
1337,20,OAXACA,327,SAN PEDRO TAPANATEPEC,15479
1338,20,OAXACA,328,SAN PEDRO TAVICHE,1441
1339,20,OAXACA,329,SAN PEDRO TEOZACOALCO,1153
1340,20,OAXACA,330,SAN PEDRO TEUTILA,4296
1341,20,OAXACA,331,SAN PEDRO TIDAA,982
1342,20,OAXACA,332,SAN PEDRO TOPILTEPEC,373
1343,20,OAXACA,333,SAN PEDRO TOTOLAPAM,3294
1344,20,OAXACA,334,VILLA DE TUTUTEPEC,50541
1345,20,OAXACA,335,SAN PEDRO YANERI,867
1346,20,OAXACA,336,SAN PEDRO YOLOX,1697
1347,20,OAXACA,337,SAN PEDRO Y SAN PABLO AYUTLA,5616
1348,20,OAXACA,338,VILLA DE ETLA,10361
1349,20,OAXACA,339,SAN PEDRO Y SAN PABLO TEPOSCOLULA,4353
1350,20,OAXACA,340,SAN PEDRO Y SAN PABLO TEQUIXTEPEC,1747
1351,20,OAXACA,341,SAN PEDRO YUCUNAMA,241
1352,20,OAXACA,342,SAN RAYMUNDO JALPAN,4105
1353,20,OAXACA,343,SAN SEBASTIAN ABASOLO,1999
1354,20,OAXACA,344,SAN SEBASTIAN COATLAN,2809
1355,20,OAXACA,345,SAN SEBASTIAN IXCAPA,4188
1356,20,OAXACA,346,SAN SEBASTIAN NICANANDUTA,1542
1357,20,OAXACA,347,SAN SEBASTIAN RIO HONDO,4202
1358,20,OAXACA,348,SAN SEBASTIAN TECOMAXTLAHUACA,8192
1359,20,OAXACA,349,SAN SEBASTIAN TEITIPAC,2189
1360,20,OAXACA,350,SAN SEBASTIAN TUTLA,16878
1361,20,OAXACA,351,SAN SIMON ALMOLONGAS,2802
1362,20,OAXACA,352,SAN SIMON ZAHUATLAN,4940
1363,20,OAXACA,353,SANTA ANA,2406
1364,20,OAXACA,354,SANTA ANA ATEIXTLAHUACA,477
1365,20,OAXACA,355,SANTA ANA CUAUHTEMOC,681
1366,20,OAXACA,356,SANTA ANA DEL VALLE,2179
1367,20,OAXACA,357,SANTA ANA TAVELA,848
1368,20,OAXACA,358,SANTA ANA TLAPACOYAN,1958
1369,20,OAXACA,359,SANTA ANA YARENI,637
1370,20,OAXACA,360,SANTA ANA ZEGACHE,3981
1371,20,OAXACA,361,SANTA CATALINA QUIERI,825
1372,20,OAXACA,362,SANTA CATARINA CUIXTLA,1495
1373,20,OAXACA,363,SANTA CATARINA IXTEPEJI,2675
1374,20,OAXACA,364,SANTA CATARINA JUQUILA,18654
1375,20,OAXACA,365,SANTA CATARINA LACHATAO,1059
1376,20,OAXACA,366,SANTA CATARINA LOXICHA,3676
1377,20,OAXACA,367,SANTA CATARINA MECHOACAN,4582
1378,20,OAXACA,368,SANTA CATARINA MINAS,2067
1379,20,OAXACA,369,SANTA CATARINA QUIANE,2193
1380,20,OAXACA,370,SANTA CATARINA TAYATA,662
1381,20,OAXACA,371,SANTA CATARINA TICUA,986
1382,20,OAXACA,372,SANTA CATARINA YOSONOTU,1316
1383,20,OAXACA,373,SANTA CATARINA ZAPOQUILA,403
1384,20,OAXACA,374,SANTA CRUZ ACATEPEC,1645
1385,20,OAXACA,375,SANTA CRUZ AMILPAS,13200
1386,20,OAXACA,376,SANTA CRUZ DE BRAVO,365
1387,20,OAXACA,377,SANTA CRUZ ITUNDUJIA,10860
1388,20,OAXACA,378,SANTA CRUZ MIXTEPEC,3720
1389,20,OAXACA,379,SANTA CRUZ NUNDACO,2951
1390,20,OAXACA,380,SANTA CRUZ PAPALUTLA,2242
1391,20,OAXACA,381,SANTA CRUZ TACACHE DE MINA,2940
1392,20,OAXACA,382,SANTA CRUZ TACAHUA,1182
1393,20,OAXACA,383,SANTA CRUZ TAYATA,595
1394,20,OAXACA,384,SANTA CRUZ XITLA,4794
1395,20,OAXACA,385,SANTA CRUZ XOXOCOTLAN,100402
1396,20,OAXACA,386,SANTA CRUZ ZENZONTEPEC,19079
1397,20,OAXACA,387,SANTA GERTRUDIS,2891
1398,20,OAXACA,388,SANTA INES DEL MONTE,2809
1399,20,OAXACA,389,SANTA INES YATZECHE,908
1400,20,OAXACA,390,SANTA LUCIA DEL CAMINO,50362
1401,20,OAXACA,391,SANTA LUCIA MIAHUATLAN,3375
1402,20,OAXACA,392,SANTA LUCIA MONTEVERDE,6726
1403,20,OAXACA,393,SANTA LUCIA OCOTLAN,4173
1404,20,OAXACA,394,SANTA MARIA ALOTEPEC,2796
1405,20,OAXACA,395,SANTA MARIA APAZCO,1629
1406,20,OAXACA,396,SANTA MARIA LA ASUNCION,3259
1407,20,OAXACA,397,HEROICA CIUDAD DE TLAXIACO,40123
1408,20,OAXACA,398,AYOQUEZCO DE ALDAMA,4874
1409,20,OAXACA,399,SANTA MARIA ATZOMPA,41921
1410,20,OAXACA,400,SANTA MARIA CAMOTLAN,1713
1411,20,OAXACA,401,SANTA MARIA COLOTEPEC,27046
1412,20,OAXACA,402,SANTA MARIA CORTIJO,1067
1413,20,OAXACA,403,SANTA MARIA COYOTEPEC,3751
1414,20,OAXACA,404,SANTA MARIA CHACHOAPAM,761
1415,20,OAXACA,405,VILLA DE CHILAPA DE DIAZ,1815
1416,20,OAXACA,406,SANTA MARIA CHILCHOTLA,21469
1417,20,OAXACA,407,SANTA MARIA CHIMALAPA,9578
1418,20,OAXACA,408,SANTA MARIA DEL ROSARIO,499
1419,20,OAXACA,409,SANTA MARIA DEL TULE,8939
1420,20,OAXACA,410,SANTA MARIA ECATEPEC,3418
1421,20,OAXACA,411,SANTA MARIA GUELACE,908
1422,20,OAXACA,412,SANTA MARIA GUIENAGATI,3178
1423,20,OAXACA,413,SANTA MARIA HUATULCO,50862
1424,20,OAXACA,414,SANTA MARIA HUAZOLOTITLAN,11995
1425,20,OAXACA,415,SANTA MARIA IPALAPA,4878
1426,20,OAXACA,416,SANTA MARIA IXCATLAN,461
1427,20,OAXACA,417,SANTA MARIA JACATEPEC,9682
1428,20,OAXACA,418,SANTA MARIA JALAPA DEL MARQUES,11735
1429,20,OAXACA,419,SANTA MARIA JALTIANGUIS,592
1430,20,OAXACA,420,SANTA MARIA LACHIXIO,1679
1431,20,OAXACA,421,SANTA MARIA MIXTEQUILLA,4690
1432,20,OAXACA,422,SANTA MARIA NATIVITAS,603
1433,20,OAXACA,423,SANTA MARIA NDUAYACO,453
1434,20,OAXACA,424,SANTA MARIA OZOLOTEPEC,3793
1435,20,OAXACA,425,SANTA MARIA PAPALO,2058
1436,20,OAXACA,426,SANTA MARIA PEÑOLES,8967
1437,20,OAXACA,427,SANTA MARIA PETAPA,16706
1438,20,OAXACA,428,SANTA MARIA QUIEGOLANI,2224
1439,20,OAXACA,429,SANTA MARIA SOLA,1516
1440,20,OAXACA,430,SANTA MARIA TATALTEPEC,317
1441,20,OAXACA,431,SANTA MARIA TECOMAVACA,1830
1442,20,OAXACA,432,SANTA MARIA TEMAXCALAPA,903
1443,20,OAXACA,433,SANTA MARIA TEMAXCALTEPEC,2694
1444,20,OAXACA,434,SANTA MARIA TEOPOXCO,3985
1445,20,OAXACA,435,SANTA MARIA TEPANTLALI,3576
1446,20,OAXACA,436,SANTA MARIA TEXCATITLAN,896
1447,20,OAXACA,437,SANTA MARIA TLAHUITOLTEPEC,9653
1448,20,OAXACA,438,SANTA MARIA TLALIXTAC,1839
1449,20,OAXACA,439,SANTA MARIA TONAMECA,25347
1450,20,OAXACA,440,SANTA MARIA TOTOLAPILLA,812
1451,20,OAXACA,441,SANTA MARIA XADANI,9234
1452,20,OAXACA,442,SANTA MARIA YALINA,250
1453,20,OAXACA,443,SANTA MARIA YAVESIA,434
1454,20,OAXACA,444,SANTA MARIA YOLOTEPEC,481
1455,20,OAXACA,445,SANTA MARIA YOSOYUA,1699
1456,20,OAXACA,446,SANTA MARIA YUCUHITI,6008
1457,20,OAXACA,447,SANTA MARIA ZACATEPEC,17100
1458,20,OAXACA,448,SANTA MARIA ZANIZA,2469
1459,20,OAXACA,449,SANTA MARIA ZOQUITLAN,3294
1460,20,OAXACA,450,SANTIAGO AMOLTEPEC,13855
1461,20,OAXACA,451,SANTIAGO APOALA,1019
1462,20,OAXACA,452,SANTIAGO APOSTOL,4421
1463,20,OAXACA,453,SANTIAGO ASTATA,3918
1464,20,OAXACA,454,SANTIAGO ATITLAN,3556
1465,20,OAXACA,455,SANTIAGO AYUQUILILLA,2904
1466,20,OAXACA,456,SANTIAGO CACALOXTEPEC,1667
1467,20,OAXACA,457,SANTIAGO CAMOTLAN,3346
1468,20,OAXACA,458,SANTIAGO COMALTEPEC,1157
1469,20,OAXACA,459,VILLA DE SANTIAGO CHAZUMBA,4877
1470,20,OAXACA,460,SANTIAGO CHOAPAM,5242
1471,20,OAXACA,461,SANTIAGO DEL RIO,527
1472,20,OAXACA,462,SANTIAGO HUAJOLOTITLAN,4600
1473,20,OAXACA,463,SANTIAGO HUAUCLILLA,525
1474,20,OAXACA,464,SANTIAGO IHUITLAN PLUMAS,341
1475,20,OAXACA,465,SANTIAGO IXCUINTEPEC,1636
1476,20,OAXACA,466,SANTIAGO IXTAYUTLA,13880
1477,20,OAXACA,467,SANTIAGO JAMILTEPEC,19112
1478,20,OAXACA,468,SANTIAGO JOCOTEPEC,14198
1479,20,OAXACA,469,SANTIAGO JUXTLAHUACA,34735
1480,20,OAXACA,470,SANTIAGO LACHIGUIRI,4394
1481,20,OAXACA,471,SANTIAGO LALOPA,431
1482,20,OAXACA,472,SANTIAGO LAOLLAGA,3361
1483,20,OAXACA,473,SANTIAGO LAXOPA,1291
1484,20,OAXACA,474,SANTIAGO LLANO GRANDE,3440
1485,20,OAXACA,475,SANTIAGO MATATLAN,10175
1486,20,OAXACA,476,SANTIAGO MILTEPEC,421
1487,20,OAXACA,477,SANTIAGO MINAS,1327
1488,20,OAXACA,478,SANTIAGO NACALTEPEC,1599
1489,20,OAXACA,479,SANTIAGO NEJAPILLA,174
1490,20,OAXACA,480,SANTIAGO NUNDICHE,1351
1491,20,OAXACA,481,SANTIAGO NUYOO,1898
1492,20,OAXACA,482,SANTIAGO PINOTEPA NACIONAL,55840
1493,20,OAXACA,483,SANTIAGO SUCHILQUITONGO,10886
1494,20,OAXACA,484,SANTIAGO TAMAZOLA,4458
1495,20,OAXACA,485,SANTIAGO TAPEXTLA,3134
1496,20,OAXACA,486,VILLA TEJUPAM DE LA UNION,2419
1497,20,OAXACA,487,SANTIAGO TENANGO,1966
1498,20,OAXACA,488,SANTIAGO TEPETLAPA,130
1499,20,OAXACA,489,SANTIAGO TETEPEC,4909
1500,20,OAXACA,490,SANTIAGO TEXCALCINGO,2974
1501,20,OAXACA,491,SANTIAGO TEXTITLAN,4930
1502,20,OAXACA,492,SANTIAGO TILANTONGO,2764
1503,20,OAXACA,493,SANTIAGO TILLO,545
1504,20,OAXACA,494,SANTIAGO TLAZOYALTEPEC,6300
1505,20,OAXACA,495,SANTIAGO XANICA,3029
1506,20,OAXACA,496,SANTIAGO XIACUI,1893
1507,20,OAXACA,497,SANTIAGO YAITEPEC,4233
1508,20,OAXACA,498,SANTIAGO YAVEO,7593
1509,20,OAXACA,499,SANTIAGO YOLOMECATL,1922
1510,20,OAXACA,500,SANTIAGO YOSONDUA,7991
1511,20,OAXACA,501,SANTIAGO YUCUYACHI,998
1512,20,OAXACA,502,SANTIAGO ZACATEPEC,5089
1513,20,OAXACA,503,SANTIAGO ZOOCHILA,425
1514,20,OAXACA,504,NUEVO ZOQUIAPAM,1590
1515,20,OAXACA,505,SANTO DOMINGO INGENIO,7681
1516,20,OAXACA,506,SANTO DOMINGO ALBARRADAS,798
1517,20,OAXACA,507,SANTO DOMINGO ARMENTA,3155
1518,20,OAXACA,508,SANTO DOMINGO CHIHUITAN,1618
1519,20,OAXACA,509,SANTO DOMINGO DE MORELOS,11384
1520,20,OAXACA,510,SANTO DOMINGO IXCATLAN,760
1521,20,OAXACA,511,SANTO DOMINGO NUXAA,3335
1522,20,OAXACA,512,SANTO DOMINGO OZOLOTEPEC,1101
1523,20,OAXACA,513,SANTO DOMINGO PETAPA,9027
1524,20,OAXACA,514,SANTO DOMINGO ROAYAGA,941
1525,20,OAXACA,515,SANTO DOMINGO TEHUANTEPEC,67739
1526,20,OAXACA,516,SANTO DOMINGO TEOJOMULCO,5260
1527,20,OAXACA,517,SANTO DOMINGO TEPUXTEPEC,6029
1528,20,OAXACA,518,SANTO DOMINGO TLATAYAPAM,113
1529,20,OAXACA,519,SANTO DOMINGO TOMALTEPEC,3386
1530,20,OAXACA,520,SANTO DOMINGO TONALA,7393
1531,20,OAXACA,521,SANTO DOMINGO TONALTEPEC,250
1532,20,OAXACA,522,SANTO DOMINGO XAGACIA,1205
1533,20,OAXACA,523,SANTO DOMINGO YANHUITLAN,1633
1534,20,OAXACA,524,SANTO DOMINGO YODOHINO,327
1535,20,OAXACA,525,SANTO DOMINGO ZANATEPEC,12483
1536,20,OAXACA,526,SANTOS REYES NOPALA,16688
1537,20,OAXACA,527,SANTOS REYES PAPALO,2490
1538,20,OAXACA,528,SANTOS REYES TEPEJILLO,904
1539,20,OAXACA,529,SANTOS REYES YUCUNA,1474
1540,20,OAXACA,530,SANTO TOMAS JALIEZA,3923
1541,20,OAXACA,531,SANTO TOMAS MAZALTEPEC,2612
1542,20,OAXACA,532,SANTO TOMAS OCOTEPEC,4066
1543,20,OAXACA,533,SANTO TOMAS TAMAZULAPAN,2726
1544,20,OAXACA,534,SAN VICENTE COATLAN,3512
1545,20,OAXACA,535,SAN VICENTE LACHIXIO,3227
1546,20,OAXACA,536,SAN VICENTE NUÑU,449
1547,20,OAXACA,537,SILACAYOAPAM,6710
1548,20,OAXACA,538,SITIO DE XITLAPEHUA,713
1549,20,OAXACA,539,SOLEDAD ETLA,6348
1550,20,OAXACA,540,VILLA DE TAMAZULAPAM DEL PROGRESO,8326
1551,20,OAXACA,541,TANETZE DE ZARAGOZA,1558
1552,20,OAXACA,542,TANICHE,887
1553,20,OAXACA,543,TATALTEPEC DE VALDES,6386
1554,20,OAXACA,544,TEOCOCUILCO DE MARCOS PEREZ,1032
1555,20,OAXACA,545,TEOTITLAN DE FLORES MAGON,10099
1556,20,OAXACA,546,TEOTITLAN DEL VALLE,6392
1557,20,OAXACA,547,TEOTONGO,1005
1558,20,OAXACA,548,TEPELMEME VILLA DE MORELOS,1960
1559,20,OAXACA,549,"HEROICA VILLA TEZOATLAN DE SEGURA Y LUNA, CUNA DE LA INDEPENDENCIA DE OAXACA",11465
1560,20,OAXACA,550,SAN JERONIMO TLACOCHAHUAYA,5764
1561,20,OAXACA,551,TLACOLULA DE MATAMOROS,30254
1562,20,OAXACA,552,TLACOTEPEC PLUMAS,410
1563,20,OAXACA,553,TLALIXTAC DE CABRERA,12067
1564,20,OAXACA,554,TOTONTEPEC VILLA DE MORELOS,5904
1565,20,OAXACA,555,TRINIDAD ZAACHILA,3419
1566,20,OAXACA,556,LA TRINIDAD VISTA HERMOSA,306
1567,20,OAXACA,557,UNION HIDALGO,14542
1568,20,OAXACA,558,VALERIO TRUJANO,1376
1569,20,OAXACA,559,SAN JUAN BAUTISTA VALLE NACIONAL,23067
1570,20,OAXACA,560,VILLA DIAZ ORDAZ,6467
1571,20,OAXACA,561,YAXE,2954
1572,20,OAXACA,562,MAGDALENA YODOCONO DE PORFIRIO DIAZ,1682
1573,20,OAXACA,563,YOGANA,1245
1574,20,OAXACA,564,YUTANDUCHI DE GUERRERO,1195
1575,20,OAXACA,565,VILLA DE ZAACHILA,46464
1576,20,OAXACA,566,SAN MATEO YUCUTINDOO,3144
1577,20,OAXACA,567,ZAPOTITLAN LAGUNAS,3382
1578,20,OAXACA,568,ZAPOTITLAN PALMAS,1695
1579,20,OAXACA,569,SANTA INES DE ZARAGOZA,1454
1580,20,OAXACA,570,ZIMATLAN DE ALVAREZ,22093
1581,21,PUEBLA,1,ACAJETE,72894
1582,21,PUEBLA,2,ACATENO,9170
1583,21,PUEBLA,3,ACATLAN,37955
1584,21,PUEBLA,4,ACATZINGO,63743
1585,21,PUEBLA,5,ACTEOPAN,3070
1586,21,PUEBLA,6,AHUACATLAN,14542
1587,21,PUEBLA,7,AHUATLAN,3162
1588,21,PUEBLA,8,AHUAZOTEPEC,11439
1589,21,PUEBLA,9,AHUEHUETITLA,2207
1590,21,PUEBLA,10,AJALPAN,74768
1591,21,PUEBLA,11,ALBINO ZERTUCHE,1885
1592,21,PUEBLA,12,ALJOJUCA,6591
1593,21,PUEBLA,13,ALTEPEXI,22629
1594,21,PUEBLA,14,AMIXTLAN,4812
1595,21,PUEBLA,15,AMOZOC,125876
1596,21,PUEBLA,16,AQUIXTLA,9021
1597,21,PUEBLA,17,ATEMPAN,29742
1598,21,PUEBLA,18,ATEXCAL,3859
1599,21,PUEBLA,19,ATLIXCO,141793
1600,21,PUEBLA,20,ATOYATEMPAN,7704
1601,21,PUEBLA,21,ATZALA,1512
1602,21,PUEBLA,22,ATZITZIHUACAN,12857
1603,21,PUEBLA,23,ATZITZINTLA,9051
1604,21,PUEBLA,24,AXUTLA,976
1605,21,PUEBLA,25,AYOTOXCO DE GUERRERO,8208
1606,21,PUEBLA,26,CALPAN,15271
1607,21,PUEBLA,27,CALTEPEC,4128
1608,21,PUEBLA,28,CAMOCUAUTLA,2758
1609,21,PUEBLA,29,CAXHUACAN,3811
1610,21,PUEBLA,30,COATEPEC,772
1611,21,PUEBLA,31,COATZINGO,2820
1612,21,PUEBLA,32,COHETZALA,1382
1613,21,PUEBLA,33,COHUECAN,5403
1614,21,PUEBLA,34,CORONANGO,46836
1615,21,PUEBLA,35,COXCATLAN,20653
1616,21,PUEBLA,36,COYOMEAPAN,14806
1617,21,PUEBLA,37,COYOTEPEC,2334
1618,21,PUEBLA,38,CUAPIAXTLA DE MADERO,10542
1619,21,PUEBLA,39,CUAUTEMPAN,9837
1620,21,PUEBLA,40,CUAUTINCHAN,12340
1621,21,PUEBLA,41,CUAUTLANCINGO,137435
1622,21,PUEBLA,42,CUAYUCA DE ANDRADE,3315
1623,21,PUEBLA,43,CUETZALAN DEL PROGRESO,49864
1624,21,PUEBLA,44,CUYOACO,17139
1625,21,PUEBLA,45,CHALCHICOMULA DE SESMA,47410
1626,21,PUEBLA,46,CHAPULCO,8193
1627,21,PUEBLA,47,CHIAUTLA,21699
1628,21,PUEBLA,48,CHIAUTZINGO,22039
1629,21,PUEBLA,49,CHICONCUAUTLA,17382
1630,21,PUEBLA,50,CHICHIQUILA,26928
1631,21,PUEBLA,51,CHIETLA,37030
1632,21,PUEBLA,52,CHIGMECATITLAN,1215
1633,21,PUEBLA,53,CHIGNAHUAPAN,66464
1634,21,PUEBLA,54,CHIGNAUTLA,35223
1635,21,PUEBLA,55,CHILA,5082
1636,21,PUEBLA,56,CHILA DE LA SAL,1317
1637,21,PUEBLA,57,HONEY,6687
1638,21,PUEBLA,58,CHILCHOTLA,21002
1639,21,PUEBLA,59,CHINANTLA,2846
1640,21,PUEBLA,60,DOMINGO ARENAS,7982
1641,21,PUEBLA,61,ELOXOCHITLAN,14461
1642,21,PUEBLA,62,EPATLAN,4943
1643,21,PUEBLA,63,ESPERANZA,14766
1644,21,PUEBLA,64,FRANCISCO Z. MENA,17824
1645,21,PUEBLA,65,GENERAL FELIPE ANGELES,22694
1646,21,PUEBLA,66,GUADALUPE,6451
1647,21,PUEBLA,67,GUADALUPE VICTORIA,18784
1648,21,PUEBLA,68,HERMENEGILDO GALEANA,7011
1649,21,PUEBLA,69,HUAQUECHULA,29233
1650,21,PUEBLA,70,HUATLATLAUCA,6111
1651,21,PUEBLA,71,HUAUCHINANGO,103946
1652,21,PUEBLA,72,HUEHUETLA,17082
1653,21,PUEBLA,73,HUEHUETLAN EL CHICO,9760
1654,21,PUEBLA,74,HUEJOTZINGO,90794
1655,21,PUEBLA,75,HUEYAPAN,13080
1656,21,PUEBLA,76,HUEYTAMALCO,27600
1657,21,PUEBLA,77,HUEYTLALPAN,5951
1658,21,PUEBLA,78,HUITZILAN DE SERDAN,15928
1659,21,PUEBLA,79,HUITZILTEPEC,5782
1660,21,PUEBLA,80,ATLEQUIZAYAN,2633
1661,21,PUEBLA,81,IXCAMILPA DE GUERRERO,4065
1662,21,PUEBLA,82,IXCAQUIXTLA,8804
1663,21,PUEBLA,83,IXTACAMAXTITLAN,25319
1664,21,PUEBLA,84,IXTEPEC,6950
1665,21,PUEBLA,85,IZUCAR DE MATAMOROS,82809
1666,21,PUEBLA,86,JALPAN,12050
1667,21,PUEBLA,87,JOLALPAN,13308
1668,21,PUEBLA,88,JONOTLA,4457
1669,21,PUEBLA,89,JOPALA,12131
1670,21,PUEBLA,90,JUAN C. BONILLA,23783
1671,21,PUEBLA,91,JUAN GALINDO,9828
1672,21,PUEBLA,92,JUAN N. MENDEZ,5293
1673,21,PUEBLA,93,LAFRAGUA,7650
1674,21,PUEBLA,94,LIBRES,37257
1675,21,PUEBLA,95,LA MAGDALENA TLATLAUQUITEPEC,650
1676,21,PUEBLA,96,MAZAPILTEPEC DE JUAREZ,3176
1677,21,PUEBLA,97,MIXTLA,2668
1678,21,PUEBLA,98,MOLCAXAC,6668
1679,21,PUEBLA,99,CAÑADA MORELOS,20659
1680,21,PUEBLA,100,NAUPAN,9310
1681,21,PUEBLA,101,NAUZONTLA,3317
1682,21,PUEBLA,102,NEALTICAN,14075
1683,21,PUEBLA,103,NICOLAS BRAVO,6644
1684,21,PUEBLA,104,NOPALUCAN,32772
1685,21,PUEBLA,105,OCOTEPEC,5077
1686,21,PUEBLA,106,OCOYUCAN,42669
1687,21,PUEBLA,107,OLINTLA,11993
1688,21,PUEBLA,108,ORIENTAL,19903
1689,21,PUEBLA,109,PAHUATLAN,20274
1690,21,PUEBLA,110,PALMAR DE BRAVO,50226
1691,21,PUEBLA,111,PANTEPEC,18528
1692,21,PUEBLA,112,PETLALCINGO,9350
1693,21,PUEBLA,113,PIAXTLA,4627
1694,21,PUEBLA,114,PUEBLA,1692181
1695,21,PUEBLA,115,QUECHOLAC,57992
1696,21,PUEBLA,116,QUIMIXTLAN,22855
1697,21,PUEBLA,117,RAFAEL LARA GRAJALES,15952
1698,21,PUEBLA,118,LOS REYES DE JUAREZ,30021
1699,21,PUEBLA,119,SAN ANDRES CHOLULA,154448
1700,21,PUEBLA,120,SAN ANTONIO CAÑADA,5938
1701,21,PUEBLA,121,SAN DIEGO LA MESA TOCHIMILTZINGO,1270
1702,21,PUEBLA,122,SAN FELIPE TEOTLALCINGO,11063
1703,21,PUEBLA,123,SAN FELIPE TEPATLAN,3793
1704,21,PUEBLA,124,SAN GABRIEL CHILAC,15954
1705,21,PUEBLA,125,SAN GREGORIO ATZOMPA,9671
1706,21,PUEBLA,126,SAN JERONIMO TECUANIPAN,6597
1707,21,PUEBLA,127,SAN JERONIMO XAYACATLAN,3606
1708,21,PUEBLA,128,SAN JOSE CHIAPA,10443
1709,21,PUEBLA,129,SAN JOSE MIAHUATLAN,14018
1710,21,PUEBLA,130,SAN JUAN ATENCO,3604
1711,21,PUEBLA,131,SAN JUAN ATZOMPA,975
1712,21,PUEBLA,132,SAN MARTIN TEXMELUCAN,155738
1713,21,PUEBLA,133,SAN MARTIN TOTOLTEPEC,692
1714,21,PUEBLA,134,SAN MATIAS TLALANCALECA,20974
1715,21,PUEBLA,135,SAN MIGUEL IXITLAN,526
1716,21,PUEBLA,136,SAN MIGUEL XOXTLA,12461
1717,21,PUEBLA,137,SAN NICOLAS BUENOS AIRES,10464
1718,21,PUEBLA,138,SAN NICOLAS DE LOS RANCHOS,11780
1719,21,PUEBLA,139,SAN PABLO ANICANO,3759
1720,21,PUEBLA,140,SAN PEDRO CHOLULA,138433
1721,21,PUEBLA,141,SAN PEDRO YELOIXTLAHUACA,3488
1722,21,PUEBLA,142,SAN SALVADOR EL SECO,30639
1723,21,PUEBLA,143,SAN SALVADOR EL VERDE,34880
1724,21,PUEBLA,144,SAN SALVADOR HUIXCOLOTLA,16790
1725,21,PUEBLA,145,SAN SEBASTIAN TLACOTEPEC,13189
1726,21,PUEBLA,146,SANTA CATARINA TLALTEMPAN,749
1727,21,PUEBLA,147,SANTA INES AHUATEMPAN,6341
1728,21,PUEBLA,148,SANTA ISABEL CHOLULA,11498
1729,21,PUEBLA,149,SANTIAGO MIAHUATLAN,30309
1730,21,PUEBLA,150,HUEHUETLAN EL GRANDE,6105
1731,21,PUEBLA,151,SANTO TOMAS HUEYOTLIPAN,9315
1732,21,PUEBLA,152,SOLTEPEC,12631
1733,21,PUEBLA,153,TECALI DE HERRERA,23625
1734,21,PUEBLA,154,TECAMACHALCO,80771
1735,21,PUEBLA,155,TECOMATLAN,6830
1736,21,PUEBLA,156,TEHUACAN,327312
1737,21,PUEBLA,157,TEHUITZINGO,12672
1738,21,PUEBLA,158,TENAMPULCO,6743
1739,21,PUEBLA,159,TEOPANTLAN,3836
1740,21,PUEBLA,160,TEOTLALCO,3689
1741,21,PUEBLA,161,TEPANCO DE LOPEZ,22218
1742,21,PUEBLA,162,TEPANGO DE RODRIGUEZ,4155
1743,21,PUEBLA,163,TEPATLAXCO DE HIDALGO,18854
1744,21,PUEBLA,164,TEPEACA,84270
1745,21,PUEBLA,165,TEPEMAXALCO,1216
1746,21,PUEBLA,166,TEPEOJUMA,8918
1747,21,PUEBLA,167,TEPETZINTLA,10373
1748,21,PUEBLA,168,TEPEXCO,7523
1749,21,PUEBLA,169,TEPEXI DE RODRIGUEZ,22331
1750,21,PUEBLA,170,TEPEYAHUALCO,19200
1751,21,PUEBLA,171,TEPEYAHUALCO DE CUAUHTEMOC,3851
1752,21,PUEBLA,172,TETELA DE OCAMPO,27216
1753,21,PUEBLA,173,TETELES DE AVILA CASTILLO,6653
1754,21,PUEBLA,174,TEZIUTLAN,103583
1755,21,PUEBLA,175,TIANGUISMANALCO,14432
1756,21,PUEBLA,176,TILAPA,9664
1757,21,PUEBLA,177,TLACOTEPEC DE BENITO JUAREZ,54757
1758,21,PUEBLA,178,TLACUILOTEPEC,15977
1759,21,PUEBLA,179,TLACHICHUCA,31639
1760,21,PUEBLA,180,TLAHUAPAN,41547
1761,21,PUEBLA,181,TLALTENANGO,7425
1762,21,PUEBLA,182,TLANEPANTLA,5390
1763,21,PUEBLA,183,TLAOLA,20433
1764,21,PUEBLA,184,TLAPACOYA,6422
1765,21,PUEBLA,185,TLAPANALA,10344
1766,21,PUEBLA,186,TLATLAUQUITEPEC,55576
1767,21,PUEBLA,187,TLAXCO,4934
1768,21,PUEBLA,188,TOCHIMILCO,19315
1769,21,PUEBLA,189,TOCHTEPEC,22454
1770,21,PUEBLA,190,TOTOLTEPEC DE GUERRERO,1187
1771,21,PUEBLA,191,TULCINGO,9871
1772,21,PUEBLA,192,TUZAMAPAN DE GALEANA,5924
1773,21,PUEBLA,193,TZICATLACOYAN,6476
1774,21,PUEBLA,194,VENUSTIANO CARRANZA,28395
1775,21,PUEBLA,195,VICENTE GUERRERO,26559
1776,21,PUEBLA,196,XAYACATLAN DE BRAVO,1570
1777,21,PUEBLA,197,XICOTEPEC,80591
1778,21,PUEBLA,198,XICOTLAN,1312
1779,21,PUEBLA,199,XIUTETELCO,42943
1780,21,PUEBLA,200,XOCHIAPULCO,3443
1781,21,PUEBLA,201,XOCHILTEPEC,3375
1782,21,PUEBLA,202,XOCHITLAN DE VICENTE SUAREZ,13025
1783,21,PUEBLA,203,XOCHITLAN TODOS SANTOS,7178
1784,21,PUEBLA,204,YAONAHUAC,7926
1785,21,PUEBLA,205,YEHUALTEPEC,26392
1786,21,PUEBLA,206,ZACAPALA,4647
1787,21,PUEBLA,207,ZACAPOAXTLA,57887
1788,21,PUEBLA,208,ZACATLAN,87361
1789,21,PUEBLA,209,ZAPOTITLAN,8595
1790,21,PUEBLA,210,ZAPOTITLAN DE MENDEZ,5675
1791,21,PUEBLA,211,ZARAGOZA,16752
1792,21,PUEBLA,212,ZAUTLA,20717
1793,21,PUEBLA,213,ZIHUATEUTLA,11967
1794,21,PUEBLA,214,ZINACATEPEC,18359
1795,21,PUEBLA,215,ZONGOZOTLA,4539
1796,21,PUEBLA,216,ZOQUIAPAN,2452
1797,21,PUEBLA,217,ZOQUITLAN,20335
1798,22,QUERETARO,1,AMEALCO DE BONFIL,66841
1799,22,QUERETARO,2,PINAL DE AMOLES,27365
1800,22,QUERETARO,3,ARROYO SECO,13142
1801,22,QUERETARO,4,CADEREYTA DE MONTES,69075
1802,22,QUERETARO,5,COLON,67121
1803,22,QUERETARO,6,CORREGIDORA,212567
1804,22,QUERETARO,7,EZEQUIEL MONTES,45141
1805,22,QUERETARO,8,HUIMILPAN,36808
1806,22,QUERETARO,9,JALPAN DE SERRA,27343
1807,22,QUERETARO,10,LANDA DE MATAMOROS,18794
1808,22,QUERETARO,11,EL MARQUES,231668
1809,22,QUERETARO,12,PEDRO ESCOBEDO,77404
1810,22,QUERETARO,13,PEÑAMILLER,19141
1811,22,QUERETARO,14,QUERETARO,1049777
1812,22,QUERETARO,15,SAN JOAQUIN,8359
1813,22,QUERETARO,16,SAN JUAN DEL RIO,297804
1814,22,QUERETARO,17,TEQUISQUIAPAN,72201
1815,22,QUERETARO,18,TOLIMAN,27916
1816,23,QUINTANA ROO,1,COZUMEL,88626
1817,23,QUINTANA ROO,2,FELIPE CARRILLO PUERTO,83990
1818,23,QUINTANA ROO,3,ISLA MUJERES,22686
1819,23,QUINTANA ROO,4,OTHON P. BLANCO,233648
1820,23,QUINTANA ROO,5,BENITO JUAREZ,911503
1821,23,QUINTANA ROO,6,JOSE MARIA MORELOS,39165
1822,23,QUINTANA ROO,7,LAZARO CARDENAS,29171
1823,23,QUINTANA ROO,8,SOLIDARIDAD,333800
1824,23,QUINTANA ROO,9,TULUM,46721
1825,23,QUINTANA ROO,10,BACALAR,41754
1826,23,QUINTANA ROO,11,PUERTO MORELOS,26921
1827,24,SAN LUIS POTOSI,1,AHUALULCO,18974
1828,24,SAN LUIS POTOSI,2,ALAQUINES,7785
1829,24,SAN LUIS POTOSI,3,AQUISMON,48359
1830,24,SAN LUIS POTOSI,4,ARMADILLO DE LOS INFANTE,4013
1831,24,SAN LUIS POTOSI,5,CARDENAS,18317
1832,24,SAN LUIS POTOSI,6,CATORCE,9579
1833,24,SAN LUIS POTOSI,7,CEDRAL,19840
1834,24,SAN LUIS POTOSI,8,CERRITOS,22075
1835,24,SAN LUIS POTOSI,9,CERRO DE SAN PEDRO,5050
1836,24,SAN LUIS POTOSI,10,CIUDAD DEL MAIZ,30320
1837,24,SAN LUIS POTOSI,11,CIUDAD FERNANDEZ,48106
1838,24,SAN LUIS POTOSI,12,TANCANHUITZ,20300
1839,24,SAN LUIS POTOSI,13,CIUDAD VALLES,179371
1840,24,SAN LUIS POTOSI,14,COXCATLAN,15660
1841,24,SAN LUIS POTOSI,15,CHARCAS,21814
1842,24,SAN LUIS POTOSI,16,EBANO,40899
1843,24,SAN LUIS POTOSI,17,GUADALCAZAR,25119
1844,24,SAN LUIS POTOSI,18,HUEHUETLAN,15334
1845,24,SAN LUIS POTOSI,19,LAGUNILLAS,5453
1846,24,SAN LUIS POTOSI,20,MATEHUALA,102199
1847,24,SAN LUIS POTOSI,21,MEXQUITIC DE CARMONA,58469
1848,24,SAN LUIS POTOSI,22,MOCTEZUMA,19036
1849,24,SAN LUIS POTOSI,23,RAYON,15301
1850,24,SAN LUIS POTOSI,24,RIOVERDE,97943
1851,24,SAN LUIS POTOSI,25,SALINAS,31107
1852,24,SAN LUIS POTOSI,26,SAN ANTONIO,9382
1853,24,SAN LUIS POTOSI,27,SAN CIRO DE ACOSTA,10215
1854,24,SAN LUIS POTOSI,28,SAN LUIS POTOSI,911908
1855,24,SAN LUIS POTOSI,29,SAN MARTIN CHALCHICUAUTLA,18468
1856,24,SAN LUIS POTOSI,30,SAN NICOLAS TOLENTINO,4779
1857,24,SAN LUIS POTOSI,31,SANTA CATARINA,12163
1858,24,SAN LUIS POTOSI,32,SANTA MARIA DEL RIO,39880
1859,24,SAN LUIS POTOSI,33,SANTO DOMINGO,10785
1860,24,SAN LUIS POTOSI,34,SAN VICENTE TANCUAYALAB,14945
1861,24,SAN LUIS POTOSI,35,SOLEDAD DE GRACIANO SANCHEZ,332072
1862,24,SAN LUIS POTOSI,36,TAMASOPO,29184
1863,24,SAN LUIS POTOSI,37,TAMAZUNCHALE,95037
1864,24,SAN LUIS POTOSI,38,TAMPACAN,14348
1865,24,SAN LUIS POTOSI,39,TAMPAMOLON CORONA,13603
1866,24,SAN LUIS POTOSI,40,TAMUIN,36968
1867,24,SAN LUIS POTOSI,41,TANLAJAS,18208
1868,24,SAN LUIS POTOSI,42,TANQUIAN DE ESCOBEDO,13448
1869,24,SAN LUIS POTOSI,43,TIERRA NUEVA,7966
1870,24,SAN LUIS POTOSI,44,VANEGAS,7557
1871,24,SAN LUIS POTOSI,45,VENADO,14188
1872,24,SAN LUIS POTOSI,46,VILLA DE ARRIAGA,18206
1873,24,SAN LUIS POTOSI,47,VILLA DE GUADALUPE,9277
1874,24,SAN LUIS POTOSI,48,VILLA DE LA PAZ,5298
1875,24,SAN LUIS POTOSI,49,VILLA DE RAMOS,38389
1876,24,SAN LUIS POTOSI,50,VILLA DE REYES,52912
1877,24,SAN LUIS POTOSI,51,VILLA HIDALGO,15458
1878,24,SAN LUIS POTOSI,52,VILLA JUAREZ,10304
1879,24,SAN LUIS POTOSI,53,AXTLA DE TERRAZAS,32544
1880,24,SAN LUIS POTOSI,54,XILITLA,49741
1881,24,SAN LUIS POTOSI,55,ZARAGOZA,27386
1882,24,SAN LUIS POTOSI,56,VILLA DE ARISTA,17258
1883,24,SAN LUIS POTOSI,57,MATLAPA,28996
1884,24,SAN LUIS POTOSI,58,EL NARANJO,20959
1885,25,SINALOA,1,AHOME,459310
1886,25,SINALOA,2,ANGOSTURA,44093
1887,25,SINALOA,3,BADIRAGUATO,26542
1888,25,SINALOA,4,CONCORDIA,24899
1889,25,SINALOA,5,COSALA,17012
1890,25,SINALOA,6,CULIACAN,1003530
1891,25,SINALOA,7,CHOIX,29334
1892,25,SINALOA,8,ELOTA,55339
1893,25,SINALOA,9,ESCUINAPA,59988
1894,25,SINALOA,10,EL FUERTE,96593
1895,25,SINALOA,11,GUASAVE,289370
1896,25,SINALOA,12,MAZATLAN,501441
1897,25,SINALOA,13,MOCORITO,40358
1898,25,SINALOA,14,ROSARIO,52345
1899,25,SINALOA,15,SALVADOR ALVARADO,79492
1900,25,SINALOA,16,SAN IGNACIO,19505
1901,25,SINALOA,17,SINALOA,78670
1902,25,SINALOA,18,NAVOLATO,149122
1903,26,SONORA,1,ACONCHI,2563
1904,26,SONORA,2,AGUA PRIETA,91929
1905,26,SONORA,3,ALAMOS,24976
1906,26,SONORA,4,ALTAR,9492
1907,26,SONORA,5,ARIVECHI,1177
1908,26,SONORA,6,ARIZPE,2788
1909,26,SONORA,7,ATIL,626
1910,26,SONORA,8,BACADEHUACHI,979
1911,26,SONORA,9,BACANORA,759
1912,26,SONORA,10,BACERAC,1221
1913,26,SONORA,11,BACOACHI,1475
1914,26,SONORA,12,BACUM,23151
1915,26,SONORA,13,BANAMICHI,1825
1916,26,SONORA,14,BAVIACORA,3191
1917,26,SONORA,15,BAVISPE,1169
1918,26,SONORA,16,BENJAMIN HILL,4988
1919,26,SONORA,17,CABORCA,89122
1920,26,SONORA,18,CAJEME,436484
1921,26,SONORA,19,CANANEA,39451
1922,26,SONORA,20,CARBO,4946
1923,26,SONORA,21,LA COLORADA,1848
1924,26,SONORA,22,CUCURPE,863
1925,26,SONORA,23,CUMPAS,5829
1926,26,SONORA,24,DIVISADEROS,753
1927,26,SONORA,25,EMPALME,51431
1928,26,SONORA,26,ETCHOJOA,61309
1929,26,SONORA,27,FRONTERAS,9041
1930,26,SONORA,28,GRANADOS,1009
1931,26,SONORA,29,GUAYMAS,156863
1932,26,SONORA,30,HERMOSILLO,936263
1933,26,SONORA,31,HUACHINERA,1186
1934,26,SONORA,32,HUASABAS,888
1935,26,SONORA,33,HUATABAMPO,77682
1936,26,SONORA,34,HUEPAC,943
1937,26,SONORA,35,IMURIS,12536
1938,26,SONORA,36,MAGDALENA,33049
1939,26,SONORA,37,MAZATAN,1101
1940,26,SONORA,38,MOCTEZUMA,5173
1941,26,SONORA,39,NACO,5774
1942,26,SONORA,40,NACORI CHICO,1531
1943,26,SONORA,41,NACOZARI DE GARCIA,14369
1944,26,SONORA,42,NAVOJOA,164387
1945,26,SONORA,43,NOGALES,264782
1946,26,SONORA,44,ONAVAS,365
1947,26,SONORA,45,OPODEPE,2438
1948,26,SONORA,46,OQUITOA,496
1949,26,SONORA,47,PITIQUITO,9122
1950,26,SONORA,48,PUERTO PEÑASCO,62689
1951,26,SONORA,49,QUIRIEGO,3090
1952,26,SONORA,50,RAYON,1496
1953,26,SONORA,51,ROSARIO,4830
1954,26,SONORA,52,SAHUARIPA,5257
1955,26,SONORA,53,SAN FELIPE DE JESUS,369
1956,26,SONORA,54,SAN JAVIER,537
1957,26,SONORA,55,SAN LUIS RIO COLORADO,199021
1958,26,SONORA,56,SAN MIGUEL DE HORCASITAS,10729
1959,26,SONORA,57,SAN PEDRO DE LA CUEVA,1458
1960,26,SONORA,58,SANTA ANA,16203
1961,26,SONORA,59,SANTA CRUZ,1835
1962,26,SONORA,60,SARIC,2058
1963,26,SONORA,61,SOYOPA,1368
1964,26,SONORA,62,SUAQUI GRANDE,1114
1965,26,SONORA,63,TEPACHE,1178
1966,26,SONORA,64,TRINCHERAS,1381
1967,26,SONORA,65,TUBUTAMA,1473
1968,26,SONORA,66,URES,8548
1969,26,SONORA,67,VILLA HIDALGO,1429
1970,26,SONORA,68,VILLA PESQUEIRA,1043
1971,26,SONORA,69,YECORA,4793
1972,26,SONORA,70,GENERAL PLUTARCO ELIAS CALLES,13627
1973,26,SONORA,71,BENITO JUAREZ,21692
1974,26,SONORA,72,SAN IGNACIO RIO MUERTO,14279
1975,27,TABASCO,1,BALANCAN,58524
1976,27,TABASCO,2,CARDENAS,243229
1977,27,TABASCO,3,CENTLA,107731
1978,27,TABASCO,4,CENTRO,683607
1979,27,TABASCO,5,COMALCALCO,214877
1980,27,TABASCO,6,CUNDUACAN,137257
1981,27,TABASCO,7,EMILIANO ZAPATA,32181
1982,27,TABASCO,8,HUIMANGUILLO,190885
1983,27,TABASCO,9,JALAPA,37749
1984,27,TABASCO,10,JALPA DE MENDEZ,91185
1985,27,TABASCO,11,JONUTA,30798
1986,27,TABASCO,12,MACUSPANA,158601
1987,27,TABASCO,13,NACAJUCA,150300
1988,27,TABASCO,14,PARAISO,96741
1989,27,TABASCO,15,TACOTALPA,47905
1990,27,TABASCO,16,TEAPA,58718
1991,27,TABASCO,17,TENOSIQUE,62310
1992,28,TAMAULIPAS,1,ABASOLO,9822
1993,28,TAMAULIPAS,2,ALDAMA,28725
1994,28,TAMAULIPAS,3,ALTAMIRA,269790
1995,28,TAMAULIPAS,4,ANTIGUO MORELOS,8850
1996,28,TAMAULIPAS,5,BURGOS,4256
1997,28,TAMAULIPAS,6,BUSTAMANTE,7542
1998,28,TAMAULIPAS,7,CAMARGO,16546
1999,28,TAMAULIPAS,8,CASAS,4143
2000,28,TAMAULIPAS,9,CIUDAD MADERO,205933
2001,28,TAMAULIPAS,10,CRUILLAS,1671
2002,28,TAMAULIPAS,11,GOMEZ FARIAS,8288
2003,28,TAMAULIPAS,12,GONZALEZ,41470
2004,28,TAMAULIPAS,13,GÜEMEZ,15032
2005,28,TAMAULIPAS,14,GUERRERO,3803
2006,28,TAMAULIPAS,15,GUSTAVO DIAZ ORDAZ,15677
2007,28,TAMAULIPAS,16,HIDALGO,17012
2008,28,TAMAULIPAS,17,JAUMAVE,15994
2009,28,TAMAULIPAS,18,JIMENEZ,6375
2010,28,TAMAULIPAS,19,LLERA,14645
2011,28,TAMAULIPAS,20,MAINERO,2048
2012,28,TAMAULIPAS,21,EL MANTE,106144
2013,28,TAMAULIPAS,22,MATAMOROS,541979
2014,28,TAMAULIPAS,23,MENDEZ,4280
2015,28,TAMAULIPAS,24,MIER,6385
2016,28,TAMAULIPAS,25,MIGUEL ALEMAN,26237
2017,28,TAMAULIPAS,26,MIQUIHUANA,3704
2018,28,TAMAULIPAS,27,NUEVO LAREDO,425058
2019,28,TAMAULIPAS,28,NUEVO MORELOS,3810
2020,28,TAMAULIPAS,29,OCAMPO,13190
2021,28,TAMAULIPAS,30,PADILLA,13618
2022,28,TAMAULIPAS,31,PALMILLAS,1917
2023,28,TAMAULIPAS,32,REYNOSA,704767
2024,28,TAMAULIPAS,33,RIO BRAVO,132484
2025,28,TAMAULIPAS,34,SAN CARLOS,7411
2026,28,TAMAULIPAS,35,SAN FERNANDO,51405
2027,28,TAMAULIPAS,36,SAN NICOLAS,926
2028,28,TAMAULIPAS,37,SOTO LA MARINA,23673
2029,28,TAMAULIPAS,38,TAMPICO,297562
2030,28,TAMAULIPAS,39,TULA,28230
2031,28,TAMAULIPAS,40,VALLE HERMOSO,60055
2032,28,TAMAULIPAS,41,VICTORIA,349688
2033,28,TAMAULIPAS,42,VILLAGRAN,5361
2034,28,TAMAULIPAS,43,XICOTENCATL,22229
2035,29,TLAXCALA,1,AMAXAC DE GUERRERO,11403
2036,29,TLAXCALA,2,APETATITLAN DE ANTONIO CARVAJAL,16003
2037,29,TLAXCALA,3,ATLANGATEPEC,7087
2038,29,TLAXCALA,4,ATLTZAYANCA,18111
2039,29,TLAXCALA,5,APIZACO,80725
2040,29,TLAXCALA,6,CALPULALPAN,51172
2041,29,TLAXCALA,7,EL CARMEN TEQUEXQUITLA,17332
2042,29,TLAXCALA,8,CUAPIAXTLA,16222
2043,29,TLAXCALA,9,CUAXOMULCO,5928
2044,29,TLAXCALA,10,CHIAUTEMPAN,73215
2045,29,TLAXCALA,11,MUÑOZ DE DOMINGO ARENAS,4755
2046,29,TLAXCALA,12,ESPAÑITA,9416
2047,29,TLAXCALA,13,HUAMANTLA,98764
2048,29,TLAXCALA,14,HUEYOTLIPAN,15190
2049,29,TLAXCALA,15,IXTACUIXTLA DE MARIANO MATAMOROS,38970
2050,29,TLAXCALA,16,IXTENCO,7504
2051,29,TLAXCALA,17,MAZATECOCHCO DE JOSE MARIA MORELOS,11592
2052,29,TLAXCALA,18,CONTLA DE JUAN CUAMATZI,38579
2053,29,TLAXCALA,19,TEPETITLA DE LARDIZABAL,22274
2054,29,TLAXCALA,20,SANCTORUM DE LAZARO CARDENAS,9432
2055,29,TLAXCALA,21,NANACAMILPA DE MARIANO ARISTA,18686
2056,29,TLAXCALA,22,ACUAMANALA DE MIGUEL HIDALGO,6432
2057,29,TLAXCALA,23,NATIVITAS,26309
2058,29,TLAXCALA,24,PANOTLA,28357
2059,29,TLAXCALA,25,SAN PABLO DEL MONTE,82688
2060,29,TLAXCALA,26,SANTA CRUZ TLAXCALA,24116
2061,29,TLAXCALA,27,TENANCINGO,12974
2062,29,TLAXCALA,28,TEOLOCHOLCO,25257
2063,29,TLAXCALA,29,TEPEYANCO,13328
2064,29,TLAXCALA,30,TERRENATE,15475
2065,29,TLAXCALA,31,TETLA DE LA SOLIDARIDAD,35284
2066,29,TLAXCALA,32,TETLATLAHUCA,13561
2067,29,TLAXCALA,33,TLAXCALA,99896
2068,29,TLAXCALA,34,TLAXCO,45438
2069,29,TLAXCALA,35,TOCATLAN,6294
2070,29,TLAXCALA,36,TOTOLAC,22529
2071,29,TLAXCALA,37,ZILTLALTEPEC DE TRINIDAD SANCHEZ SANTOS,9207
2072,29,TLAXCALA,38,TZOMPANTEPEC,18006
2073,29,TLAXCALA,39,XALOZTOC,25607
2074,29,TLAXCALA,40,XALTOCAN,10601
2075,29,TLAXCALA,41,PAPALOTLA DE XICOHTENCATL,33499
2076,29,TLAXCALA,42,XICOHTZINCO,14197
2077,29,TLAXCALA,43,YAUHQUEMEHCAN,42242
2078,29,TLAXCALA,44,ZACATELCO,45717
2079,29,TLAXCALA,45,BENITO JUAREZ,6211
2080,29,TLAXCALA,46,EMILIANO ZAPATA,4951
2081,29,TLAXCALA,47,LAZARO CARDENAS,3534
2082,29,TLAXCALA,48,LA MAGDALENA TLALTELULCO,19036
2083,29,TLAXCALA,49,SAN DAMIAN TEXOLOC,5884
2084,29,TLAXCALA,50,SAN FRANCISCO TETLANOHCAN,11761
2085,29,TLAXCALA,51,SAN JERONIMO ZACUALPAN,4092
2086,29,TLAXCALA,52,SAN JOSE TEACALCO,6436
2087,29,TLAXCALA,53,SAN JUAN HUACTZINCO,7688
2088,29,TLAXCALA,54,SAN LORENZO AXOCOMANITLA,5689
2089,29,TLAXCALA,55,SAN LUCAS TECOPILCO,3077
2090,29,TLAXCALA,56,SANTA ANA NOPALUCAN,7952
2091,29,TLAXCALA,57,SANTA APOLONIA TEACALCO,4636
2092,29,TLAXCALA,58,SANTA CATARINA AYOMETLA,9463
2093,29,TLAXCALA,59,SANTA CRUZ QUILEHTLA,7750
2094,29,TLAXCALA,60,SANTA ISABEL XILOXOXTLA,5443
2095,30,VERACRUZ DE IGNACIO DE LA LLAVE,1,ACAJETE,9701
2096,30,VERACRUZ DE IGNACIO DE LA LLAVE,2,ACATLAN,3441
2097,30,VERACRUZ DE IGNACIO DE LA LLAVE,3,ACAYUCAN,80815
2098,30,VERACRUZ DE IGNACIO DE LA LLAVE,4,ACTOPAN,41742
2099,30,VERACRUZ DE IGNACIO DE LA LLAVE,5,ACULA,5253
2100,30,VERACRUZ DE IGNACIO DE LA LLAVE,6,ACULTZINGO,23100
2101,30,VERACRUZ DE IGNACIO DE LA LLAVE,7,CAMARON DE TEJEDA,6538
2102,30,VERACRUZ DE IGNACIO DE LA LLAVE,8,ALPATLAHUAC,10338
2103,30,VERACRUZ DE IGNACIO DE LA LLAVE,9,ALTO LUCERO DE GUTIERREZ BARRIOS,28184
2104,30,VERACRUZ DE IGNACIO DE LA LLAVE,10,ALTOTONGA,64234
2105,30,VERACRUZ DE IGNACIO DE LA LLAVE,11,ALVARADO,57035
2106,30,VERACRUZ DE IGNACIO DE LA LLAVE,12,AMATITLAN,7866
2107,30,VERACRUZ DE IGNACIO DE LA LLAVE,13,NARANJOS AMATLAN,26843
2108,30,VERACRUZ DE IGNACIO DE LA LLAVE,14,AMATLAN DE LOS REYES,46955
2109,30,VERACRUZ DE IGNACIO DE LA LLAVE,15,ANGEL R. CABADA,33839
2110,30,VERACRUZ DE IGNACIO DE LA LLAVE,16,LA ANTIGUA,28682
2111,30,VERACRUZ DE IGNACIO DE LA LLAVE,17,APAZAPAN,4709
2112,30,VERACRUZ DE IGNACIO DE LA LLAVE,18,AQUILA,1978
2113,30,VERACRUZ DE IGNACIO DE LA LLAVE,19,ASTACINGA,6909
2114,30,VERACRUZ DE IGNACIO DE LA LLAVE,20,ATLAHUILCO,11577
2115,30,VERACRUZ DE IGNACIO DE LA LLAVE,21,ATOYAC,23461
2116,30,VERACRUZ DE IGNACIO DE LA LLAVE,22,ATZACAN,22651
2117,30,VERACRUZ DE IGNACIO DE LA LLAVE,23,ATZALAN,49180
2118,30,VERACRUZ DE IGNACIO DE LA LLAVE,24,TLALTETELA,16485
2119,30,VERACRUZ DE IGNACIO DE LA LLAVE,25,AYAHUALULCO,27217
2120,30,VERACRUZ DE IGNACIO DE LA LLAVE,26,BANDERILLA,25993
2121,30,VERACRUZ DE IGNACIO DE LA LLAVE,27,BENITO JUAREZ,16120
2122,30,VERACRUZ DE IGNACIO DE LA LLAVE,28,BOCA DEL RIO,144550
2123,30,VERACRUZ DE IGNACIO DE LA LLAVE,29,CALCAHUALCO,13701
2124,30,VERACRUZ DE IGNACIO DE LA LLAVE,30,CAMERINO Z. MENDOZA,41835
2125,30,VERACRUZ DE IGNACIO DE LA LLAVE,31,CARRILLO PUERTO,18888
2126,30,VERACRUZ DE IGNACIO DE LA LLAVE,32,CATEMACO,49451
2127,30,VERACRUZ DE IGNACIO DE LA LLAVE,33,CAZONES DE HERRERA,24421
2128,30,VERACRUZ DE IGNACIO DE LA LLAVE,34,CERRO AZUL,25011
2129,30,VERACRUZ DE IGNACIO DE LA LLAVE,35,CITLALTEPETL,11165
2130,30,VERACRUZ DE IGNACIO DE LA LLAVE,36,COACOATZINTLA,11018
2131,30,VERACRUZ DE IGNACIO DE LA LLAVE,37,COAHUITLAN,8176
2132,30,VERACRUZ DE IGNACIO DE LA LLAVE,38,COATEPEC,93911
2133,30,VERACRUZ DE IGNACIO DE LA LLAVE,39,COATZACOALCOS,310698
2134,30,VERACRUZ DE IGNACIO DE LA LLAVE,40,COATZINTLA,55016
2135,30,VERACRUZ DE IGNACIO DE LA LLAVE,41,COETZALA,2355
2136,30,VERACRUZ DE IGNACIO DE LA LLAVE,42,COLIPA,5743
2137,30,VERACRUZ DE IGNACIO DE LA LLAVE,43,COMAPA,19876
2138,30,VERACRUZ DE IGNACIO DE LA LLAVE,44,CORDOBA,204721
2139,30,VERACRUZ DE IGNACIO DE LA LLAVE,45,COSAMALOAPAN DE CARPIO,54737
2140,30,VERACRUZ DE IGNACIO DE LA LLAVE,46,COSAUTLAN DE CARVAJAL,16167
2141,30,VERACRUZ DE IGNACIO DE LA LLAVE,47,COSCOMATEPEC,59471
2142,30,VERACRUZ DE IGNACIO DE LA LLAVE,48,COSOLEACAQUE,130903
2143,30,VERACRUZ DE IGNACIO DE LA LLAVE,49,COTAXTLA,22050
2144,30,VERACRUZ DE IGNACIO DE LA LLAVE,50,COXQUIHUI,16333
2145,30,VERACRUZ DE IGNACIO DE LA LLAVE,51,COYUTLA,23096
2146,30,VERACRUZ DE IGNACIO DE LA LLAVE,52,CUICHAPA,11869
2147,30,VERACRUZ DE IGNACIO DE LA LLAVE,53,CUITLAHUAC,28075
2148,30,VERACRUZ DE IGNACIO DE LA LLAVE,54,CHACALTIANGUIS,11461
2149,30,VERACRUZ DE IGNACIO DE LA LLAVE,55,CHALMA,13527
2150,30,VERACRUZ DE IGNACIO DE LA LLAVE,56,CHICONAMEL,6610
2151,30,VERACRUZ DE IGNACIO DE LA LLAVE,57,CHICONQUIACO,13881
2152,30,VERACRUZ DE IGNACIO DE LA LLAVE,58,CHICONTEPEC,53858
2153,30,VERACRUZ DE IGNACIO DE LA LLAVE,59,CHINAMECA,22638
2154,30,VERACRUZ DE IGNACIO DE LA LLAVE,60,CHINAMPA DE GOROSTIZA,16283
2155,30,VERACRUZ DE IGNACIO DE LA LLAVE,61,LAS CHOAPAS,81080
2156,30,VERACRUZ DE IGNACIO DE LA LLAVE,62,CHOCAMAN,20839
2157,30,VERACRUZ DE IGNACIO DE LA LLAVE,63,CHONTLA,13359
2158,30,VERACRUZ DE IGNACIO DE LA LLAVE,64,CHUMATLAN,4008
2159,30,VERACRUZ DE IGNACIO DE LA LLAVE,65,EMILIANO ZAPATA,85489
2160,30,VERACRUZ DE IGNACIO DE LA LLAVE,66,ESPINAL,26830
2161,30,VERACRUZ DE IGNACIO DE LA LLAVE,67,FILOMENO MATA,19179
2162,30,VERACRUZ DE IGNACIO DE LA LLAVE,68,FORTIN,66372
2163,30,VERACRUZ DE IGNACIO DE LA LLAVE,69,GUTIERREZ ZAMORA,24085
2164,30,VERACRUZ DE IGNACIO DE LA LLAVE,70,HIDALGOTITLAN,18275
2165,30,VERACRUZ DE IGNACIO DE LA LLAVE,71,HUATUSCO,59920
2166,30,VERACRUZ DE IGNACIO DE LA LLAVE,72,HUAYACOCOTLA,21796
2167,30,VERACRUZ DE IGNACIO DE LA LLAVE,73,HUEYAPAN DE OCAMPO,41670
2168,30,VERACRUZ DE IGNACIO DE LA LLAVE,74,HUILOAPAN DE CUAUHTEMOC,7293
2169,30,VERACRUZ DE IGNACIO DE LA LLAVE,75,IGNACIO DE LA LLAVE,16525
2170,30,VERACRUZ DE IGNACIO DE LA LLAVE,76,ILAMATLAN,13377
2171,30,VERACRUZ DE IGNACIO DE LA LLAVE,77,ISLA,42807
2172,30,VERACRUZ DE IGNACIO DE LA LLAVE,78,IXCATEPEC,12379
2173,30,VERACRUZ DE IGNACIO DE LA LLAVE,79,IXHUACAN DE LOS REYES,11387
2174,30,VERACRUZ DE IGNACIO DE LA LLAVE,80,IXHUATLAN DEL CAFE,23132
2175,30,VERACRUZ DE IGNACIO DE LA LLAVE,81,IXHUATLANCILLO,27295
2176,30,VERACRUZ DE IGNACIO DE LA LLAVE,82,IXHUATLAN DEL SURESTE,15831
2177,30,VERACRUZ DE IGNACIO DE LA LLAVE,83,IXHUATLAN DE MADERO,50836
2178,30,VERACRUZ DE IGNACIO DE LA LLAVE,84,IXMATLAHUACAN,5574
2179,30,VERACRUZ DE IGNACIO DE LA LLAVE,85,IXTACZOQUITLAN,74004
2180,30,VERACRUZ DE IGNACIO DE LA LLAVE,86,JALACINGO,46794
2181,30,VERACRUZ DE IGNACIO DE LA LLAVE,87,XALAPA,488531
2182,30,VERACRUZ DE IGNACIO DE LA LLAVE,88,JALCOMULCO,5054
2183,30,VERACRUZ DE IGNACIO DE LA LLAVE,89,JALTIPAN,38669
2184,30,VERACRUZ DE IGNACIO DE LA LLAVE,90,JAMAPA,11132
2185,30,VERACRUZ DE IGNACIO DE LA LLAVE,91,JESUS CARRANZA,28524
2186,30,VERACRUZ DE IGNACIO DE LA LLAVE,92,XICO,39623
2187,30,VERACRUZ DE IGNACIO DE LA LLAVE,93,JILOTEPEC,16585
2188,30,VERACRUZ DE IGNACIO DE LA LLAVE,94,JUAN RODRIGUEZ CLARA,38367
2189,30,VERACRUZ DE IGNACIO DE LA LLAVE,95,JUCHIQUE DE FERRER,15059
2190,30,VERACRUZ DE IGNACIO DE LA LLAVE,96,LANDERO Y COSS,1543
2191,30,VERACRUZ DE IGNACIO DE LA LLAVE,97,LERDO DE TEJADA,19123
2192,30,VERACRUZ DE IGNACIO DE LA LLAVE,98,MAGDALENA,3299
2193,30,VERACRUZ DE IGNACIO DE LA LLAVE,99,MALTRATA,18327
2194,30,VERACRUZ DE IGNACIO DE LA LLAVE,100,MANLIO FABIO ALTAMIRANO,23918
2195,30,VERACRUZ DE IGNACIO DE LA LLAVE,101,MARIANO ESCOBEDO,38670
2196,30,VERACRUZ DE IGNACIO DE LA LLAVE,102,MARTINEZ DE LA TORRE,108842
2197,30,VERACRUZ DE IGNACIO DE LA LLAVE,103,MECATLAN,12799
2198,30,VERACRUZ DE IGNACIO DE LA LLAVE,104,MECAYAPAN,17134
2199,30,VERACRUZ DE IGNACIO DE LA LLAVE,105,MEDELLIN DE BRAVO,95202
2200,30,VERACRUZ DE IGNACIO DE LA LLAVE,106,MIAHUATLAN,4841
2201,30,VERACRUZ DE IGNACIO DE LA LLAVE,107,LAS MINAS,2934
2202,30,VERACRUZ DE IGNACIO DE LA LLAVE,108,MINATITLAN,144776
2203,30,VERACRUZ DE IGNACIO DE LA LLAVE,109,MISANTLA,65761
2204,30,VERACRUZ DE IGNACIO DE LA LLAVE,110,MIXTLA DE ALTAMIRANO,12125
2205,30,VERACRUZ DE IGNACIO DE LA LLAVE,111,MOLOACAN,16493
2206,30,VERACRUZ DE IGNACIO DE LA LLAVE,112,NAOLINCO,22835
2207,30,VERACRUZ DE IGNACIO DE LA LLAVE,113,NARANJAL,4614
2208,30,VERACRUZ DE IGNACIO DE LA LLAVE,114,NAUTLA,10130
2209,30,VERACRUZ DE IGNACIO DE LA LLAVE,115,NOGALES,37314
2210,30,VERACRUZ DE IGNACIO DE LA LLAVE,116,OLUTA,17027
2211,30,VERACRUZ DE IGNACIO DE LA LLAVE,117,OMEALCA,23773
2212,30,VERACRUZ DE IGNACIO DE LA LLAVE,118,ORIZABA,123182
2213,30,VERACRUZ DE IGNACIO DE LA LLAVE,119,OTATITLAN,5651
2214,30,VERACRUZ DE IGNACIO DE LA LLAVE,120,OTEAPAN,10343
2215,30,VERACRUZ DE IGNACIO DE LA LLAVE,121,OZULUAMA DE MASCAREÑAS,22756
2216,30,VERACRUZ DE IGNACIO DE LA LLAVE,122,PAJAPAN,18051
2217,30,VERACRUZ DE IGNACIO DE LA LLAVE,123,PANUCO,96185
2218,30,VERACRUZ DE IGNACIO DE LA LLAVE,124,PAPANTLA,159910
2219,30,VERACRUZ DE IGNACIO DE LA LLAVE,125,PASO DEL MACHO,31894
2220,30,VERACRUZ DE IGNACIO DE LA LLAVE,126,PASO DE OVEJAS,33442
2221,30,VERACRUZ DE IGNACIO DE LA LLAVE,127,LA PERLA,28258
2222,30,VERACRUZ DE IGNACIO DE LA LLAVE,128,PEROTE,77432
2223,30,VERACRUZ DE IGNACIO DE LA LLAVE,129,PLATON SANCHEZ,18053
2224,30,VERACRUZ DE IGNACIO DE LA LLAVE,130,PLAYA VICENTE,39327
2225,30,VERACRUZ DE IGNACIO DE LA LLAVE,131,POZA RICA DE HIDALGO,189457
2226,30,VERACRUZ DE IGNACIO DE LA LLAVE,132,LAS VIGAS DE RAMIREZ,20300
2227,30,VERACRUZ DE IGNACIO DE LA LLAVE,133,PUEBLO VIEJO,57909
2228,30,VERACRUZ DE IGNACIO DE LA LLAVE,134,PUENTE NACIONAL,23544
2229,30,VERACRUZ DE IGNACIO DE LA LLAVE,135,RAFAEL DELGADO,24127
2230,30,VERACRUZ DE IGNACIO DE LA LLAVE,136,RAFAEL LUCIO,8343
2231,30,VERACRUZ DE IGNACIO DE LA LLAVE,137,LOS REYES,6308
2232,30,VERACRUZ DE IGNACIO DE LA LLAVE,138,RIO BLANCO,41795
2233,30,VERACRUZ DE IGNACIO DE LA LLAVE,139,SALTABARRANCA,6126
2234,30,VERACRUZ DE IGNACIO DE LA LLAVE,140,SAN ANDRES TENEJAPAN,3134
2235,30,VERACRUZ DE IGNACIO DE LA LLAVE,141,SAN ANDRES TUXTLA,162428
2236,30,VERACRUZ DE IGNACIO DE LA LLAVE,142,SAN JUAN EVANGELISTA,32631
2237,30,VERACRUZ DE IGNACIO DE LA LLAVE,143,SANTIAGO TUXTLA,57085
2238,30,VERACRUZ DE IGNACIO DE LA LLAVE,144,SAYULA DE ALEMAN,32400
2239,30,VERACRUZ DE IGNACIO DE LA LLAVE,145,SOCONUSCO,16574
2240,30,VERACRUZ DE IGNACIO DE LA LLAVE,146,SOCHIAPA,3925
2241,30,VERACRUZ DE IGNACIO DE LA LLAVE,147,SOLEDAD ATZOMPA,24578
2242,30,VERACRUZ DE IGNACIO DE LA LLAVE,148,SOLEDAD DE DOBLADO,28130
2243,30,VERACRUZ DE IGNACIO DE LA LLAVE,149,SOTEAPAN,34385
2244,30,VERACRUZ DE IGNACIO DE LA LLAVE,150,TAMALIN,11631
2245,30,VERACRUZ DE IGNACIO DE LA LLAVE,151,TAMIAHUA,21902
2246,30,VERACRUZ DE IGNACIO DE LA LLAVE,152,TAMPICO ALTO,11561
2247,30,VERACRUZ DE IGNACIO DE LA LLAVE,153,TANCOCO,5795
2248,30,VERACRUZ DE IGNACIO DE LA LLAVE,154,TANTIMA,11991
2249,30,VERACRUZ DE IGNACIO DE LA LLAVE,155,TANTOYUCA,99959
2250,30,VERACRUZ DE IGNACIO DE LA LLAVE,156,TATATILA,6041
2251,30,VERACRUZ DE IGNACIO DE LA LLAVE,157,CASTILLO DE TEAYO,20145
2252,30,VERACRUZ DE IGNACIO DE LA LLAVE,158,TECOLUTLA,24551
2253,30,VERACRUZ DE IGNACIO DE LA LLAVE,159,TEHUIPANGO,29686
2254,30,VERACRUZ DE IGNACIO DE LA LLAVE,160,ALAMO TEMAPACHE,107270
2255,30,VERACRUZ DE IGNACIO DE LA LLAVE,161,TEMPOAL,34408
2256,30,VERACRUZ DE IGNACIO DE LA LLAVE,162,TENAMPA,6448
2257,30,VERACRUZ DE IGNACIO DE LA LLAVE,163,TENOCHTITLAN,5040
2258,30,VERACRUZ DE IGNACIO DE LA LLAVE,164,TEOCELO,16957
2259,30,VERACRUZ DE IGNACIO DE LA LLAVE,165,TEPATLAXCO,8925
2260,30,VERACRUZ DE IGNACIO DE LA LLAVE,166,TEPETLAN,9405
2261,30,VERACRUZ DE IGNACIO DE LA LLAVE,167,TEPETZINTLA,14619
2262,30,VERACRUZ DE IGNACIO DE LA LLAVE,168,TEQUILA,16343
2263,30,VERACRUZ DE IGNACIO DE LA LLAVE,169,JOSE AZUETA,22709
2264,30,VERACRUZ DE IGNACIO DE LA LLAVE,170,TEXCATEPEC,10824
2265,30,VERACRUZ DE IGNACIO DE LA LLAVE,171,TEXHUACAN,5575
2266,30,VERACRUZ DE IGNACIO DE LA LLAVE,172,TEXISTEPEC,19925
2267,30,VERACRUZ DE IGNACIO DE LA LLAVE,173,TEZONAPA,54537
2268,30,VERACRUZ DE IGNACIO DE LA LLAVE,174,TIERRA BLANCA,95602
2269,30,VERACRUZ DE IGNACIO DE LA LLAVE,175,TIHUATLAN,92726
2270,30,VERACRUZ DE IGNACIO DE LA LLAVE,176,TLACOJALPAN,4489
2271,30,VERACRUZ DE IGNACIO DE LA LLAVE,177,TLACOLULAN,11685
2272,30,VERACRUZ DE IGNACIO DE LA LLAVE,178,TLACOTALPAN,12898
2273,30,VERACRUZ DE IGNACIO DE LA LLAVE,179,TLACOTEPEC DE MEJIA,4284
2274,30,VERACRUZ DE IGNACIO DE LA LLAVE,180,TLACHICHILCO,10900
2275,30,VERACRUZ DE IGNACIO DE LA LLAVE,181,TLALIXCOYAN,37795
2276,30,VERACRUZ DE IGNACIO DE LA LLAVE,182,TLALNELHUAYOCAN,19664
2277,30,VERACRUZ DE IGNACIO DE LA LLAVE,183,TLAPACOYAN,61377
2278,30,VERACRUZ DE IGNACIO DE LA LLAVE,184,TLAQUILPA,7933
2279,30,VERACRUZ DE IGNACIO DE LA LLAVE,185,TLILAPAN,5548
2280,30,VERACRUZ DE IGNACIO DE LA LLAVE,186,TOMATLAN,7197
2281,30,VERACRUZ DE IGNACIO DE LA LLAVE,187,TONAYAN,6105
2282,30,VERACRUZ DE IGNACIO DE LA LLAVE,188,TOTUTLA,17217
2283,30,VERACRUZ DE IGNACIO DE LA LLAVE,189,TUXPAN,154600
2284,30,VERACRUZ DE IGNACIO DE LA LLAVE,190,TUXTILLA,2258
2285,30,VERACRUZ DE IGNACIO DE LA LLAVE,191,URSULO GALVAN,30097
2286,30,VERACRUZ DE IGNACIO DE LA LLAVE,192,VEGA DE ALATORRE,20204
2287,30,VERACRUZ DE IGNACIO DE LA LLAVE,193,VERACRUZ,607209
2288,30,VERACRUZ DE IGNACIO DE LA LLAVE,194,VILLA ALDAMA,12492
2289,30,VERACRUZ DE IGNACIO DE LA LLAVE,195,XOXOCOTLA,5900
2290,30,VERACRUZ DE IGNACIO DE LA LLAVE,196,YANGA,17902
2291,30,VERACRUZ DE IGNACIO DE LA LLAVE,197,YECUATLA,11205
2292,30,VERACRUZ DE IGNACIO DE LA LLAVE,198,ZACUALPAN,6788
2293,30,VERACRUZ DE IGNACIO DE LA LLAVE,199,ZARAGOZA,11899
2294,30,VERACRUZ DE IGNACIO DE LA LLAVE,200,ZENTLA,12581
2295,30,VERACRUZ DE IGNACIO DE LA LLAVE,201,ZONGOLICA,45028
2296,30,VERACRUZ DE IGNACIO DE LA LLAVE,202,ZONTECOMATLAN DE LOPEZ Y FUENTES,14644
2297,30,VERACRUZ DE IGNACIO DE LA LLAVE,203,ZOZOCOLCO DE HIDALGO,14524
2298,30,VERACRUZ DE IGNACIO DE LA LLAVE,204,AGUA DULCE,44104
2299,30,VERACRUZ DE IGNACIO DE LA LLAVE,205,EL HIGO,19402
2300,30,VERACRUZ DE IGNACIO DE LA LLAVE,206,NANCHITAL DE LAZARO CARDENAS DEL RIO,29209
2301,30,VERACRUZ DE IGNACIO DE LA LLAVE,207,TRES VALLES,44978
2302,30,VERACRUZ DE IGNACIO DE LA LLAVE,208,CARLOS A. CARRILLO,23376
2303,30,VERACRUZ DE IGNACIO DE LA LLAVE,209,TATAHUICAPAN DE JUAREZ,15044
2304,30,VERACRUZ DE IGNACIO DE LA LLAVE,210,UXPANAPA,30891
2305,30,VERACRUZ DE IGNACIO DE LA LLAVE,211,SAN RAFAEL,30351
2306,30,VERACRUZ DE IGNACIO DE LA LLAVE,212,SANTIAGO SOCHIAPAN,13062
2307,31,YUCATAN,1,ABALA,6550
2308,31,YUCATAN,2,ACANCEH,16772
2309,31,YUCATAN,3,AKIL,12285
2310,31,YUCATAN,4,BACA,6195
2311,31,YUCATAN,5,BOKOBA,2167
2312,31,YUCATAN,6,BUCTZOTZ,9159
2313,31,YUCATAN,7,CACALCHEN,7490
2314,31,YUCATAN,8,CALOTMUL,3949
2315,31,YUCATAN,9,CANSAHCAB,4466
2316,31,YUCATAN,10,CANTAMAYEC,2755
2317,31,YUCATAN,11,CELESTUN,8389
2318,31,YUCATAN,12,CENOTILLO,3736
2319,31,YUCATAN,13,CONKAL,16671
2320,31,YUCATAN,14,CUNCUNUL,1714
2321,31,YUCATAN,15,CUZAMA,5560
2322,31,YUCATAN,16,CHACSINKIN,3104
2323,31,YUCATAN,17,CHANKOM,4686
2324,31,YUCATAN,18,CHAPAB,3385
2325,31,YUCATAN,19,CHEMAX,38934
2326,31,YUCATAN,20,CHICXULUB PUEBLO,4497
2327,31,YUCATAN,21,CHICHIMILA,9406
2328,31,YUCATAN,22,CHIKINDZONOT,4363
2329,31,YUCATAN,23,CHOCHOLA,4863
2330,31,YUCATAN,24,CHUMAYEL,3244
2331,31,YUCATAN,25,DZAN,6003
2332,31,YUCATAN,26,DZEMUL,3622
2333,31,YUCATAN,27,DZIDZANTUN,8345
2334,31,YUCATAN,28,DZILAM DE BRAVO,2936
2335,31,YUCATAN,29,DZILAM GONZALEZ,6240
2336,31,YUCATAN,30,DZITAS,4015
2337,31,YUCATAN,31,DZONCAUICH,2818
2338,31,YUCATAN,32,ESPITA,16779
2339,31,YUCATAN,33,HALACHO,21255
2340,31,YUCATAN,34,HOCABA,6514
2341,31,YUCATAN,35,HOCTUN,6384
2342,31,YUCATAN,36,HOMUN,8090
2343,31,YUCATAN,37,HUHI,5250
2344,31,YUCATAN,38,HUNUCMA,35137
2345,31,YUCATAN,39,IXIL,4186
2346,31,YUCATAN,40,IZAMAL,28555
2347,31,YUCATAN,41,KANASIN,141939
2348,31,YUCATAN,42,KANTUNIL,5553
2349,31,YUCATAN,43,KAUA,3405
2350,31,YUCATAN,44,KINCHIL,7530
2351,31,YUCATAN,45,KOPOMA,2677
2352,31,YUCATAN,46,MAMA,3296
2353,31,YUCATAN,47,MANI,5968
2354,31,YUCATAN,48,MAXCANU,23991
2355,31,YUCATAN,49,MAYAPAN,3965
2356,31,YUCATAN,50,MERIDA,995129
2357,31,YUCATAN,51,MOCOCHA,3430
2358,31,YUCATAN,52,MOTUL,37804
2359,31,YUCATAN,53,MUNA,13494
2360,31,YUCATAN,54,MUXUPIP,2990
2361,31,YUCATAN,55,OPICHEN,7080
2362,31,YUCATAN,56,OXKUTZCAB,33854
2363,31,YUCATAN,57,PANABA,7766
2364,31,YUCATAN,58,PETO,25954
2365,31,YUCATAN,59,PROGRESO,66008
2366,31,YUCATAN,60,QUINTANA ROO,976
2367,31,YUCATAN,61,RIO LAGARTOS,3974
2368,31,YUCATAN,62,SACALUM,4962
2369,31,YUCATAN,63,SAMAHIL,5631
2370,31,YUCATAN,64,SANAHCAT,1701
2371,31,YUCATAN,65,SAN FELIPE,2118
2372,31,YUCATAN,66,SANTA ELENA,4220
2373,31,YUCATAN,67,SEYE,10053
2374,31,YUCATAN,68,SINANCHE,3206
2375,31,YUCATAN,69,SOTUTA,8967
2376,31,YUCATAN,70,SUCILA,3971
2377,31,YUCATAN,71,SUDZAL,1949
2378,31,YUCATAN,72,SUMA,1857
2379,31,YUCATAN,73,TAHDZIU,5854
2380,31,YUCATAN,74,TAHMEK,3774
2381,31,YUCATAN,75,TEABO,6921
2382,31,YUCATAN,76,TECOH,17939
2383,31,YUCATAN,77,TEKAL DE VENEGAS,2683
2384,31,YUCATAN,78,TEKANTO,3747
2385,31,YUCATAN,79,TEKAX,45062
2386,31,YUCATAN,80,TEKIT,11020
2387,31,YUCATAN,81,TEKOM,3355
2388,31,YUCATAN,82,TELCHAC PUEBLO,3512
2389,31,YUCATAN,83,TELCHAC PUERTO,1915
2390,31,YUCATAN,84,TEMAX,7037
2391,31,YUCATAN,85,TEMOZON,16680
2392,31,YUCATAN,86,TEPAKAN,2133
2393,31,YUCATAN,87,TETIZ,5464
2394,31,YUCATAN,88,TEYA,1917
2395,31,YUCATAN,89,TICUL,40495
2396,31,YUCATAN,90,TIMUCUY,7503
2397,31,YUCATAN,91,TINUM,12700
2398,31,YUCATAN,92,TIXCACALCUPUL,7888
2399,31,YUCATAN,93,TIXKOKOB,18420
2400,31,YUCATAN,94,TIXMEHUAC,5444
2401,31,YUCATAN,95,TIXPEHUAL,5690
2402,31,YUCATAN,96,TIZIMIN,80672
2403,31,YUCATAN,97,TUNKAS,3684
2404,31,YUCATAN,98,TZUCACAB,15346
2405,31,YUCATAN,99,UAYMA,4191
2406,31,YUCATAN,100,UCU,4049
2407,31,YUCATAN,101,UMAN,69147
2408,31,YUCATAN,102,VALLADOLID,85460
2409,31,YUCATAN,103,XOCCHEL,3451
2410,31,YUCATAN,104,YAXCABA,16350
2411,31,YUCATAN,105,YAXKUKUL,3293
2412,31,YUCATAN,106,YOBAIN,2215
2413,32,ZACATECAS,1,APOZOL,6260
2414,32,ZACATECAS,2,APULCO,4942
2415,32,ZACATECAS,3,ATOLINGA,2277
2416,32,ZACATECAS,4,BENITO JUAREZ,4493
2417,32,ZACATECAS,5,CALERA,45759
2418,32,ZACATECAS,6,CAÑITAS DE FELIPE PESCADOR,8255
2419,32,ZACATECAS,7,CONCEPCION DEL ORO,12115
2420,32,ZACATECAS,8,CUAUHTEMOC,13466
2421,32,ZACATECAS,9,CHALCHIHUITES,10086
2422,32,ZACATECAS,10,FRESNILLO,240532
2423,32,ZACATECAS,11,TRINIDAD GARCIA DE LA CADENA,3362
2424,32,ZACATECAS,12,GENARO CODINA,8168
2425,32,ZACATECAS,13,GENERAL ENRIQUE ESTRADA,6644
2426,32,ZACATECAS,14,GENERAL FRANCISCO R. MURGUIA,20191
2427,32,ZACATECAS,15,EL PLATEADO DE JOAQUIN AMARO,1579
2428,32,ZACATECAS,16,GENERAL PANFILO NATERA,23526
2429,32,ZACATECAS,17,GUADALUPE,211740
2430,32,ZACATECAS,18,HUANUSCO,4547
2431,32,ZACATECAS,19,JALPA,25296
2432,32,ZACATECAS,20,JEREZ,59910
2433,32,ZACATECAS,21,JIMENEZ DEL TEUL,4465
2434,32,ZACATECAS,22,JUAN ALDAMA,19749
2435,32,ZACATECAS,23,JUCHIPILA,12251
2436,32,ZACATECAS,24,LORETO,53709
2437,32,ZACATECAS,25,LUIS MOYA,13184
2438,32,ZACATECAS,26,MAZAPIL,17774
2439,32,ZACATECAS,27,MELCHOR OCAMPO,2736
2440,32,ZACATECAS,28,MEZQUITAL DEL ORO,2451
2441,32,ZACATECAS,29,MIGUEL AUZA,23713
2442,32,ZACATECAS,30,MOMAX,2446
2443,32,ZACATECAS,31,MONTE ESCOBEDO,8683
2444,32,ZACATECAS,32,MORELOS,13207
2445,32,ZACATECAS,33,MOYAHUA DE ESTRADA,4530
2446,32,ZACATECAS,34,NOCHISTLAN DE MEJIA,27945
2447,32,ZACATECAS,35,NORIA DE ANGELES,16284
2448,32,ZACATECAS,36,OJOCALIENTE,44144
2449,32,ZACATECAS,37,PANUCO,17577
2450,32,ZACATECAS,38,PINOS,72241
2451,32,ZACATECAS,39,RIO GRANDE,64535
2452,32,ZACATECAS,40,SAIN ALTO,21844
2453,32,ZACATECAS,41,EL SALVADOR,2509
2454,32,ZACATECAS,42,SOMBRERETE,63665
2455,32,ZACATECAS,43,SUSTICACAN,1365
2456,32,ZACATECAS,44,TABASCO,16588
2457,32,ZACATECAS,45,TEPECHITLAN,8321
2458,32,ZACATECAS,46,TEPETONGO,6490
2459,32,ZACATECAS,47,TEUL DE GONZALEZ ORTEGA,5356
2460,32,ZACATECAS,48,TLALTENANGO DE SANCHEZ ROMAN,27302
2461,32,ZACATECAS,49,VALPARAISO,32461
2462,32,ZACATECAS,50,VETAGRANDE,10276
2463,32,ZACATECAS,51,VILLA DE COS,34623
2464,32,ZACATECAS,52,VILLA GARCIA,19525
2465,32,ZACATECAS,53,VILLA GONZALEZ ORTEGA,13208
2466,32,ZACATECAS,54,VILLA HIDALGO,19446
2467,32,ZACATECAS,55,VILLANUEVA,31558
2468,32,ZACATECAS,56,ZACATECAS,149607
2469,32,ZACATECAS,57,TRANCOSO,20455
2470,32,ZACATECAS,58,SANTA MARIA DE LA PAZ,2767
2471,800,MEXICO O CIUDAD DE MEXICO,800,MEXICO O CIUDAD DE MEXICO,0
2472,999,ENTIDAD O PAIS NO ESPECIFICADO,999,MUNICIPIO NO ESPECIFICADO,0
